motivo,pdf
INFOGRAFICO,C:\Users\thiagonogueira\OneDrive - mppi.mp.br\CLC\01_Processos_e_Aquisicoes\Base de Conhecimento - Thiago\04_Sistemas_e_Catalogos\Manuais_Sistemas_Oficiais\Compras.gov.br – Tutorial de publicação de dispensa eletrônicas e inexibilidades da medida provisória n° 1.22.pdf
INFOGRAFICO,C:\Users\thiagonogueira\OneDrive - mppi.mp.br\CLC\01_Processos_e_Aquisicoes\Base de Conhecimento - Thiago\05_Doutrina_e_Biblioteca\Infograficos_Zenite\A função da pesquisa de preços no ETP e no TR.pdf
INFOGRAFICO,C:\Users\thiagonogueira\OneDrive - mppi.mp.br\CLC\01_Processos_e_Aquisicoes\Base de Conhecimento - Thiago\05_Doutrina_e_Biblioteca\Infograficos_Zenite\Controle interno – Planejamento – Análise dos processos.pdf
INFOGRAFICO,C:\Users\thiagonogueira\OneDrive - mppi.mp.br\CLC\01_Processos_e_Aquisicoes\Base de Conhecimento - Thiago\05_Doutrina_e_Biblioteca\Infograficos_Zenite\Planejamento – Análise de riscos – Termo de referência – Estudo técnico preliminar – Conteúdo.pdf
INFOGRAFICO,C:\Users\thiagonogueira\OneDrive - mppi.mp.br\CLC\01_Processos_e_Aquisicoes\Base de Conhecimento - Thiago\05_Doutrina_e_Biblioteca\Infograficos_Zenite\Planejamento – Compra-fornecimento – Indicação ou vedação de marca – Cabimento.pdf
INFOGRAFICO,C:\Users\thiagonogueira\OneDrive - mppi.mp.br\CLC\01_Processos_e_Aquisicoes\Base de Conhecimento - Thiago\05_Doutrina_e_Biblioteca\Infograficos_Zenite\Planejamento – Conteúdo.pdf
INFOGRAFICO,C:\Users\thiagonogueira\OneDrive - mppi.mp.br\CLC\01_Processos_e_Aquisicoes\Base de Conhecimento - Thiago\05_Doutrina_e_Biblioteca\Infograficos_Zenite\Planejamento – Definição da necessidade – Cautelas.pdf
INFOGRAFICO,C:\Users\thiagonogueira\OneDrive - mppi.mp.br\CLC\01_Processos_e_Aquisicoes\Base de Conhecimento - Thiago\05_Doutrina_e_Biblioteca\Infograficos_Zenite\Planejamento – Definição da necessidade – Pontos a serem observados.pdf
INFOGRAFICO,C:\Users\thiagonogueira\OneDrive - mppi.mp.br\CLC\01_Processos_e_Aquisicoes\Base de Conhecimento - Thiago\05_Doutrina_e_Biblioteca\Infograficos_Zenite\Planejamento – Documento de formalização da demanda (DFD-DOF) – IN nº 05-2017.pdf
INFOGRAFICO,C:\Users\thiagonogueira\OneDrive - mppi.mp.br\CLC\01_Processos_e_Aquisicoes\Base de Conhecimento - Thiago\05_Doutrina_e_Biblioteca\Infograficos_Zenite\Planejamento – Documentos que devem ser apreciados pela assessoria jurídica.pdf
INFOGRAFICO,C:\Users\thiagonogueira\OneDrive - mppi.mp.br\CLC\01_Processos_e_Aquisicoes\Base de Conhecimento - Thiago\05_Doutrina_e_Biblioteca\Infograficos_Zenite\Planejamento – Empreitada integral e contratação integrada – Regimes de execução.pdf
INFOGRAFICO,C:\Users\thiagonogueira\OneDrive - mppi.mp.br\CLC\01_Processos_e_Aquisicoes\Base de Conhecimento - Thiago\05_Doutrina_e_Biblioteca\Infograficos_Zenite\Planejamento – Equipe – Competências necessárias.pdf
INFOGRAFICO,C:\Users\thiagonogueira\OneDrive - mppi.mp.br\CLC\01_Processos_e_Aquisicoes\Base de Conhecimento - Thiago\05_Doutrina_e_Biblioteca\Infograficos_Zenite\Planejamento – Equipe – Responsabilidades.pdf
INFOGRAFICO,C:\Users\thiagonogueira\OneDrive - mppi.mp.br\CLC\01_Processos_e_Aquisicoes\Base de Conhecimento - Thiago\05_Doutrina_e_Biblioteca\Infograficos_Zenite\Planejamento – Estudo técnico preliminar (ETP) – Conteúdo.pdf
INFOGRAFICO,C:\Users\thiagonogueira\OneDrive - mppi.mp.br\CLC\01_Processos_e_Aquisicoes\Base de Conhecimento - Thiago\05_Doutrina_e_Biblioteca\Infograficos_Zenite\Planejamento – Estudo técnico preliminar (ETP) – Elaboração – Momento.pdf
INFOGRAFICO,C:\Users\thiagonogueira\OneDrive - mppi.mp.br\CLC\01_Processos_e_Aquisicoes\Base de Conhecimento - Thiago\05_Doutrina_e_Biblioteca\Infograficos_Zenite\Planejamento – Estudo técnico preliminar – Conteúdo.pdf
INFOGRAFICO,C:\Users\thiagonogueira\OneDrive - mppi.mp.br\CLC\01_Processos_e_Aquisicoes\Base de Conhecimento - Thiago\05_Doutrina_e_Biblioteca\Infograficos_Zenite\Planejamento – Fase preparatória – Documentos – Finalidades.pdf
INFOGRAFICO,C:\Users\thiagonogueira\OneDrive - mppi.mp.br\CLC\01_Processos_e_Aquisicoes\Base de Conhecimento - Thiago\05_Doutrina_e_Biblioteca\Infograficos_Zenite\Planejamento – Fase preparatória – Estudo técnico preliminar (ETP) – Perguntas que esse documento precisa responder.pdf
INFOGRAFICO,C:\Users\thiagonogueira\OneDrive - mppi.mp.br\CLC\01_Processos_e_Aquisicoes\Base de Conhecimento - Thiago\05_Doutrina_e_Biblioteca\Infograficos_Zenite\Planejamento – Fase preparatória – IN CGU-MP Nº 01-2016 – Risco e gerenciamento de riscos – Distinção.pdf
INFOGRAFICO,C:\Users\thiagonogueira\OneDrive - mppi.mp.br\CLC\01_Processos_e_Aquisicoes\Base de Conhecimento - Thiago\05_Doutrina_e_Biblioteca\Infograficos_Zenite\Planejamento – Fase preparatória – Ocorrências.pdf
INFOGRAFICO,C:\Users\thiagonogueira\OneDrive - mppi.mp.br\CLC\01_Processos_e_Aquisicoes\Base de Conhecimento - Thiago\05_Doutrina_e_Biblioteca\Infograficos_Zenite\Planejamento – Finalidade.pdf
INFOGRAFICO,C:\Users\thiagonogueira\OneDrive - mppi.mp.br\CLC\01_Processos_e_Aquisicoes\Base de Conhecimento - Thiago\05_Doutrina_e_Biblioteca\Infograficos_Zenite\Planejamento – Gerenciamento de riscos – Alocação.pdf
INFOGRAFICO,C:\Users\thiagonogueira\OneDrive - mppi.mp.br\CLC\01_Processos_e_Aquisicoes\Base de Conhecimento - Thiago\05_Doutrina_e_Biblioteca\Infograficos_Zenite\Planejamento – Governança das contratações.pdf
INFOGRAFICO,C:\Users\thiagonogueira\OneDrive - mppi.mp.br\CLC\01_Processos_e_Aquisicoes\Base de Conhecimento - Thiago\05_Doutrina_e_Biblioteca\Infograficos_Zenite\Planejamento – Identificação dos principais riscos.pdf
INFOGRAFICO,C:\Users\thiagonogueira\OneDrive - mppi.mp.br\CLC\01_Processos_e_Aquisicoes\Base de Conhecimento - Thiago\05_Doutrina_e_Biblioteca\Infograficos_Zenite\Planejamento – Impacto e probabilidade de cada risco – tratamento de riscos.pdf
INFOGRAFICO,C:\Users\thiagonogueira\OneDrive - mppi.mp.br\CLC\01_Processos_e_Aquisicoes\Base de Conhecimento - Thiago\05_Doutrina_e_Biblioteca\Infograficos_Zenite\Planejamento – Imprevisibilidade da demanda – SRP ou contrato estimativo.pdf
INFOGRAFICO,C:\Users\thiagonogueira\OneDrive - mppi.mp.br\CLC\01_Processos_e_Aquisicoes\Base de Conhecimento - Thiago\05_Doutrina_e_Biblioteca\Infograficos_Zenite\Planejamento – Leis nº 8.666-1993 – Lei nº 10.520-2002 – Lei nº 14.133-2022 – Período de convivência.pdf
INFOGRAFICO,C:\Users\thiagonogueira\OneDrive - mppi.mp.br\CLC\01_Processos_e_Aquisicoes\Base de Conhecimento - Thiago\05_Doutrina_e_Biblioteca\Infograficos_Zenite\Planejamento – Matriz de alocação de isco – Elaboração.pdf
INFOGRAFICO,C:\Users\thiagonogueira\OneDrive - mppi.mp.br\CLC\01_Processos_e_Aquisicoes\Base de Conhecimento - Thiago\05_Doutrina_e_Biblioteca\Infograficos_Zenite\Planejamento – Objeto – Definição – Cautelas para controlar o excesso.pdf
INFOGRAFICO,C:\Users\thiagonogueira\OneDrive - mppi.mp.br\CLC\01_Processos_e_Aquisicoes\Base de Conhecimento - Thiago\05_Doutrina_e_Biblioteca\Infograficos_Zenite\Planejamento – Pesquisa de preços – Fontes – Prazos – Metodologia.pdf
INFOGRAFICO,C:\Users\thiagonogueira\OneDrive - mppi.mp.br\CLC\01_Processos_e_Aquisicoes\Base de Conhecimento - Thiago\05_Doutrina_e_Biblioteca\Infograficos_Zenite\Planejamento – Pesquisa de preços – IN nº 65-2021 – Prazos.pdf
INFOGRAFICO,C:\Users\thiagonogueira\OneDrive - mppi.mp.br\CLC\01_Processos_e_Aquisicoes\Base de Conhecimento - Thiago\05_Doutrina_e_Biblioteca\Infograficos_Zenite\Planejamento – Pesquisa de preços – IN SEGES-ME nº 62-2021 – Cautelas na pesquisa com fornecedores.pdf
INFOGRAFICO,C:\Users\thiagonogueira\OneDrive - mppi.mp.br\CLC\01_Processos_e_Aquisicoes\Base de Conhecimento - Thiago\05_Doutrina_e_Biblioteca\Infograficos_Zenite\Planejamento – Pesquisa de preços – IN SEGES-ME nº 62-2021 – Metodologia.pdf
INFOGRAFICO,C:\Users\thiagonogueira\OneDrive - mppi.mp.br\CLC\01_Processos_e_Aquisicoes\Base de Conhecimento - Thiago\05_Doutrina_e_Biblioteca\Infograficos_Zenite\Planejamento – Plano de contratação anual (PCA) – Decreto nº 10.947-2022 – Elaboração.pdf
INFOGRAFICO,C:\Users\thiagonogueira\OneDrive - mppi.mp.br\CLC\01_Processos_e_Aquisicoes\Base de Conhecimento - Thiago\05_Doutrina_e_Biblioteca\Infograficos_Zenite\Planejamento – Plano de Logística Sustentável (PLS).pdf
INFOGRAFICO,"C:\Users\thiagonogueira\OneDrive - mppi.mp.br\CLC\01_Processos_e_Aquisicoes\Base de Conhecimento - Thiago\05_Doutrina_e_Biblioteca\Infograficos_Zenite\Planejamento – Preços – Definição – Valores excessivos, exequíveis e inexequíveis.pdf"
INFOGRAFICO,C:\Users\thiagonogueira\OneDrive - mppi.mp.br\CLC\01_Processos_e_Aquisicoes\Base de Conhecimento - Thiago\05_Doutrina_e_Biblioteca\Infograficos_Zenite\Planejamento – Sistema de registro de preços – Contrato estimativo.pdf
INFOGRAFICO,C:\Users\thiagonogueira\OneDrive - mppi.mp.br\CLC\01_Processos_e_Aquisicoes\Base de Conhecimento - Thiago\05_Doutrina_e_Biblioteca\Infograficos_Zenite\Planejamento – Terceirização – Critérios para escolha.pdf
INFOGRAFICO,C:\Users\thiagonogueira\OneDrive - mppi.mp.br\CLC\01_Processos_e_Aquisicoes\Base de Conhecimento - Thiago\05_Doutrina_e_Biblioteca\Infograficos_Zenite\Planejamento – Terceirização – Elaboração de planilhas – Finalidade.pdf
INFOGRAFICO,C:\Users\thiagonogueira\OneDrive - mppi.mp.br\CLC\01_Processos_e_Aquisicoes\Base de Conhecimento - Thiago\05_Doutrina_e_Biblioteca\Infograficos_Zenite\Planejamento – Termo de referência – Conteúdo.pdf
INFOGRAFICO,C:\Users\thiagonogueira\OneDrive - mppi.mp.br\CLC\01_Processos_e_Aquisicoes\Base de Conhecimento - Thiago\05_Doutrina_e_Biblioteca\Infograficos_Zenite\Planejamento – Uso da Inteligência artificial – Benefícios.pdf
INFOGRAFICO,C:\Users\thiagonogueira\OneDrive - mppi.mp.br\CLC\01_Processos_e_Aquisicoes\Base de Conhecimento - Thiago\05_Doutrina_e_Biblioteca\Infograficos_Zenite\Sistema de registro de preços – Características do procedimento.pdf
INFOGRAFICO,C:\Users\thiagonogueira\OneDrive - mppi.mp.br\CLC\01_Processos_e_Aquisicoes\Base de Conhecimento - Thiago\05_Doutrina_e_Biblioteca\Infograficos_Zenite\Terceirização – Edital – Definição de CCT a ser seguida – Vedação.pdf
INFOGRAFICO,C:\Users\thiagonogueira\OneDrive - mppi.mp.br\CLC\01_Processos_e_Aquisicoes\Base de Conhecimento - Thiago\05_Doutrina_e_Biblioteca\Infograficos_Zenite\Terceirização – Planejamento – Julgamento – Execução do contrato.pdf
INFOGRAFICO,C:\Users\thiagonogueira\OneDrive - mppi.mp.br\CLC\01_Processos_e_Aquisicoes\Base de Conhecimento - Thiago\05_Doutrina_e_Biblioteca\Infograficos_Zenite\Terceirização – Planejamento – Serviços com dedicação exclusiva de mão de obra – Requisitos.pdf
INFOGRAFICO,C:\Users\thiagonogueira\OneDrive - mppi.mp.br\CLC\01_Processos_e_Aquisicoes\Base de Conhecimento - Thiago\05_Doutrina_e_Biblioteca\Infograficos_Zenite\Terceirização – Processo de contratação – Planilhas da fase de planejamento e de julgamento.pdf
