quando,status,metodo,paginas,caracteres,pdf,md
2026-10-05T10:06:09,OK,doc (olefile: texto da tabela de pecas; sem titulos/listas),,17318,C:\Users\thiagonogueira\OneDrive - mppi.mp.br\CLC\01_Processos_e_Aquisicoes\Base de Conhecimento - Thiago\05_Doutrina_e_Biblioteca\Suprimento_de_Fundos\INSTRUCAO NORMATIVA N_ CCI 001-2011 DIARIAS E ADIANTAMENTOS.doc,C:\Users\thiagonogueira\OneDrive - mppi.mp.br\CLC\01_Processos_e_Aquisicoes\Base de Conhecimento - Thiago\05_Doutrina_e_Biblioteca\Suprimento_de_Fundos\INSTRUCAO NORMATIVA N_ CCI 001-2011 DIARIAS E ADIANTAMENTOS.md
2026-10-05T10:06:09,OK,"docx (python-docx/lxml: paragrafos, tabelas, listas, notas); 1 imagem(ns) sem texto",,4959,C:\Users\thiagonogueira\OneDrive - mppi.mp.br\CLC\01_Processos_e_Aquisicoes\Base de Conhecimento - Thiago\05_Doutrina_e_Biblioteca\Biblioteca_Manuais_e_Cursos\Material_Didatico_CLC\Estrutura da Apresentação.docx,C:\Users\thiagonogueira\OneDrive - mppi.mp.br\CLC\01_Processos_e_Aquisicoes\Base de Conhecimento - Thiago\05_Doutrina_e_Biblioteca\Biblioteca_Manuais_e_Cursos\Material_Didatico_CLC\Estrutura da Apresentação.md
2026-10-05T10:06:09,OK,"xlsx (openpyxl, valores calculados)",,4624,C:\Users\thiagonogueira\OneDrive - mppi.mp.br\CLC\01_Processos_e_Aquisicoes\Base de Conhecimento - Thiago\05_Doutrina_e_Biblioteca\Biblioteca_Manuais_e_Cursos\Material_Didatico_CLC\Kahoot_Importacao_AEI.xlsx,C:\Users\thiagonogueira\OneDrive - mppi.mp.br\CLC\01_Processos_e_Aquisicoes\Base de Conhecimento - Thiago\05_Doutrina_e_Biblioteca\Biblioteca_Manuais_e_Cursos\Material_Didatico_CLC\Kahoot_Importacao_AEI.md
2026-10-05T10:06:09,OK,"docx (python-docx/lxml: paragrafos, tabelas, listas, notas)",,6297,C:\Users\thiagonogueira\OneDrive - mppi.mp.br\CLC\01_Processos_e_Aquisicoes\Base de Conhecimento - Thiago\05_Doutrina_e_Biblioteca\Biblioteca_Manuais_e_Cursos\Material_Didatico_CLC\Roteiro_Executivo_Chefia.docx,C:\Users\thiagonogueira\OneDrive - mppi.mp.br\CLC\01_Processos_e_Aquisicoes\Base de Conhecimento - Thiago\05_Doutrina_e_Biblioteca\Biblioteca_Manuais_e_Cursos\Material_Didatico_CLC\Roteiro_Executivo_Chefia.md
2026-10-05T10:06:09,OK,"docx (python-docx/lxml: paragrafos, tabelas, listas, notas)",,30256,C:\Users\thiagonogueira\OneDrive - mppi.mp.br\CLC\01_Processos_e_Aquisicoes\Base de Conhecimento - Thiago\05_Doutrina_e_Biblioteca\Biblioteca_Manuais_e_Cursos\Material_Didatico_CLC\Roteiros_Fala_Escrita_Curso_Interno_MPPI.docx,C:\Users\thiagonogueira\OneDrive - mppi.mp.br\CLC\01_Processos_e_Aquisicoes\Base de Conhecimento - Thiago\05_Doutrina_e_Biblioteca\Biblioteca_Manuais_e_Cursos\Material_Didatico_CLC\Roteiros_Fala_Escrita_Curso_Interno_MPPI.md
2026-10-05T10:06:17,OK,texto (pymupdf4llm),5,11565,C:\Users\thiagonogueira\OneDrive - mppi.mp.br\CLC\01_Processos_e_Aquisicoes\Base de Conhecimento - Thiago\05_Doutrina_e_Biblioteca\Suprimento_de_Fundos\32-Custos de uma licitação - NP.pdf,C:\Users\thiagonogueira\OneDrive - mppi.mp.br\CLC\01_Processos_e_Aquisicoes\Base de Conhecimento - Thiago\05_Doutrina_e_Biblioteca\Suprimento_de_Fundos\32-Custos de uma licitação - NP.md
2026-10-05T10:06:21,OK,texto (pymupdf simples; markdown tinha artefatos) + OCR em 8 pagina(s),78,62152,C:\Users\thiagonogueira\OneDrive - mppi.mp.br\CLC\01_Processos_e_Aquisicoes\Base de Conhecimento - Thiago\05_Doutrina_e_Biblioteca\Suprimento_de_Fundos\34_suprimento_de_fundos_2ed.pdf,C:\Users\thiagonogueira\OneDrive - mppi.mp.br\CLC\01_Processos_e_Aquisicoes\Base de Conhecimento - Thiago\05_Doutrina_e_Biblioteca\Suprimento_de_Fundos\34_suprimento_de_fundos_2ed.md
2026-10-05T10:07:01,OK,texto (pymupdf4llm) + OCR em 2 pagina(s),36,71799,C:\Users\thiagonogueira\OneDrive - mppi.mp.br\CLC\01_Processos_e_Aquisicoes\Base de Conhecimento - Thiago\05_Doutrina_e_Biblioteca\Suprimento_de_Fundos\68_Texto_do_artigo_318_2_10_20200915.pdf,C:\Users\thiagonogueira\OneDrive - mppi.mp.br\CLC\01_Processos_e_Aquisicoes\Base de Conhecimento - Thiago\05_Doutrina_e_Biblioteca\Suprimento_de_Fundos\68_Texto_do_artigo_318_2_10_20200915.md
2026-10-05T10:07:22,OK,texto (pymupdf4llm),24,42731,C:\Users\thiagonogueira\OneDrive - mppi.mp.br\CLC\01_Processos_e_Aquisicoes\Base de Conhecimento - Thiago\05_Doutrina_e_Biblioteca\Suprimento_de_Fundos\Carlos Vinicius de Souza Motta.pdf,C:\Users\thiagonogueira\OneDrive - mppi.mp.br\CLC\01_Processos_e_Aquisicoes\Base de Conhecimento - Thiago\05_Doutrina_e_Biblioteca\Suprimento_de_Fundos\Carlos Vinicius de Souza Motta.md
2026-10-05T10:07:34,OK,texto (pymupdf4llm),24,45411,C:\Users\thiagonogueira\OneDrive - mppi.mp.br\CLC\01_Processos_e_Aquisicoes\Base de Conhecimento - Thiago\05_Doutrina_e_Biblioteca\Suprimento_de_Fundos\CGU - GuiaSuprimento.pdf,C:\Users\thiagonogueira\OneDrive - mppi.mp.br\CLC\01_Processos_e_Aquisicoes\Base de Conhecimento - Thiago\05_Doutrina_e_Biblioteca\Suprimento_de_Fundos\CGU - GuiaSuprimento.md
2026-10-05T10:07:55,OK,"docx (python-docx/lxml: paragrafos, tabelas, listas, notas)",,10123,C:\Users\thiagonogueira\OneDrive - mppi.mp.br\CLC\01_Processos_e_Aquisicoes\Base de Conhecimento - Thiago\03_Modelos_e_Minutas\Modelos_MPPI_CLC\Modelo - Manifestacao do Ordenador de Despesas - Liberacao de Adesao a ARP (Acordao TCE-PI 394-A-2026).docx,C:\Users\thiagonogueira\OneDrive - mppi.mp.br\CLC\01_Processos_e_Aquisicoes\Base de Conhecimento - Thiago\03_Modelos_e_Minutas\Modelos_MPPI_CLC\Modelo - Manifestacao do Ordenador de Despesas - Liberacao de Adesao a ARP (Acordao TCE-PI 394-A-2026).md
2026-10-05T10:07:56,OK,"docx (python-docx/lxml: paragrafos, tabelas, listas, notas)",,4090,C:\Users\thiagonogueira\OneDrive - mppi.mp.br\CLC\01_Processos_e_Aquisicoes\Base de Conhecimento - Thiago\03_Modelos_e_Minutas\Modelos_MPPI_CLC\Modelo - Oficio ao Orgao Aderente - Efetivacao da Contratacao por Adesao a ARP.docx,C:\Users\thiagonogueira\OneDrive - mppi.mp.br\CLC\01_Processos_e_Aquisicoes\Base de Conhecimento - Thiago\03_Modelos_e_Minutas\Modelos_MPPI_CLC\Modelo - Oficio ao Orgao Aderente - Efetivacao da Contratacao por Adesao a ARP.md
2026-10-05T10:07:46,OK,texto (pymupdf simples; markdown tinha artefatos),14,40699,C:\Users\thiagonogueira\OneDrive - mppi.mp.br\CLC\01_Processos_e_Aquisicoes\Base de Conhecimento - Thiago\05_Doutrina_e_Biblioteca\Suprimento_de_Fundos\CONGRESSO CUSTOS 2013.pdf,C:\Users\thiagonogueira\OneDrive - mppi.mp.br\CLC\01_Processos_e_Aquisicoes\Base de Conhecimento - Thiago\05_Doutrina_e_Biblioteca\Suprimento_de_Fundos\CONGRESSO CUSTOS 2013.md
2026-10-05T10:07:57,OK,texto (pymupdf simples; markdown tinha artefatos),12,34822,C:\Users\thiagonogueira\OneDrive - mppi.mp.br\CLC\01_Processos_e_Aquisicoes\Base de Conhecimento - Thiago\05_Doutrina_e_Biblioteca\Suprimento_de_Fundos\CONGRESSO CUSTOS 2015.pdf,C:\Users\thiagonogueira\OneDrive - mppi.mp.br\CLC\01_Processos_e_Aquisicoes\Base de Conhecimento - Thiago\05_Doutrina_e_Biblioteca\Suprimento_de_Fundos\CONGRESSO CUSTOS 2015.md
2026-10-05T10:08:06,OK,texto (pymupdf simples; markdown tinha artefatos),16,47569,C:\Users\thiagonogueira\OneDrive - mppi.mp.br\CLC\01_Processos_e_Aquisicoes\Base de Conhecimento - Thiago\05_Doutrina_e_Biblioteca\Suprimento_de_Fundos\CUSTO LICITAÇÃO - CONGRESSO UFSC.pdf,C:\Users\thiagonogueira\OneDrive - mppi.mp.br\CLC\01_Processos_e_Aquisicoes\Base de Conhecimento - Thiago\05_Doutrina_e_Biblioteca\Suprimento_de_Fundos\CUSTO LICITAÇÃO - CONGRESSO UFSC.md
2026-10-05T10:08:18,OK,texto (pymupdf simples; markdown tinha artefatos) + OCR em 2 pagina(s),46,76669,C:\Users\thiagonogueira\OneDrive - mppi.mp.br\CLC\01_Processos_e_Aquisicoes\Base de Conhecimento - Thiago\05_Doutrina_e_Biblioteca\Suprimento_de_Fundos\MANUAL-DE-ADIANTAMENTO-DO-MP-BA_3a-Edicao_Junho2022.pdf,C:\Users\thiagonogueira\OneDrive - mppi.mp.br\CLC\01_Processos_e_Aquisicoes\Base de Conhecimento - Thiago\05_Doutrina_e_Biblioteca\Suprimento_de_Fundos\MANUAL-DE-ADIANTAMENTO-DO-MP-BA_3a-Edicao_Junho2022.md
2026-10-05T10:08:49,OK,texto (pymupdf simples; markdown tinha artefatos) + OCR em 2 pagina(s),78,96278,C:\Users\thiagonogueira\OneDrive - mppi.mp.br\CLC\01_Processos_e_Aquisicoes\Base de Conhecimento - Thiago\05_Doutrina_e_Biblioteca\Suprimento_de_Fundos\manual_fundo_rotativo_3.pdf,C:\Users\thiagonogueira\OneDrive - mppi.mp.br\CLC\01_Processos_e_Aquisicoes\Base de Conhecimento - Thiago\05_Doutrina_e_Biblioteca\Suprimento_de_Fundos\manual_fundo_rotativo_3.md
2026-10-05T10:09:37,OK,texto (pymupdf4llm) + OCR em 1 pagina(s),6,13513,C:\Users\thiagonogueira\OneDrive - mppi.mp.br\CLC\01_Processos_e_Aquisicoes\Base de Conhecimento - Thiago\05_Doutrina_e_Biblioteca\Suprimento_de_Fundos\MPES - Portaria-n-7.843-de-22-outubro-de-2015-Suprimentos-de-Fundos.pdf,C:\Users\thiagonogueira\OneDrive - mppi.mp.br\CLC\01_Processos_e_Aquisicoes\Base de Conhecimento - Thiago\05_Doutrina_e_Biblioteca\Suprimento_de_Fundos\MPES - Portaria-n-7.843-de-22-outubro-de-2015-Suprimentos-de-Fundos.md
2026-10-05T10:09:43,OK,texto (pymupdf4llm),5,15839,C:\Users\thiagonogueira\OneDrive - mppi.mp.br\CLC\01_Processos_e_Aquisicoes\Base de Conhecimento - Thiago\05_Doutrina_e_Biblioteca\Suprimento_de_Fundos\MPMG - 1-1-D646-39-res_pgj_01_2024 _repub.pdf,C:\Users\thiagonogueira\OneDrive - mppi.mp.br\CLC\01_Processos_e_Aquisicoes\Base de Conhecimento - Thiago\05_Doutrina_e_Biblioteca\Suprimento_de_Fundos\MPMG - 1-1-D646-39-res_pgj_01_2024 _repub.md
2026-10-05T10:09:46,OK,texto (pymupdf4llm),2,7093,C:\Users\thiagonogueira\OneDrive - mppi.mp.br\CLC\01_Processos_e_Aquisicoes\Base de Conhecimento - Thiago\05_Doutrina_e_Biblioteca\Suprimento_de_Fundos\MPRJ - guiarapido_atualizado20_07_21.pdf,C:\Users\thiagonogueira\OneDrive - mppi.mp.br\CLC\01_Processos_e_Aquisicoes\Base de Conhecimento - Thiago\05_Doutrina_e_Biblioteca\Suprimento_de_Fundos\MPRJ - guiarapido_atualizado20_07_21.md
2026-10-05T10:10:03,OK,md original (so front-matter acrescentado),,6558,C:\Users\thiagonogueira\OneDrive - mppi.mp.br\CLC\01_Processos_e_Aquisicoes\Base de Conhecimento - Thiago\05_Doutrina_e_Biblioteca\Biblioteca_Manuais_e_Cursos\Material_Didatico_CLC\Roteiro_Video_PCA_MPPI.md,C:\Users\thiagonogueira\OneDrive - mppi.mp.br\CLC\01_Processos_e_Aquisicoes\Base de Conhecimento - Thiago\05_Doutrina_e_Biblioteca\Biblioteca_Manuais_e_Cursos\Material_Didatico_CLC\Roteiro_Video_PCA_MPPI.md
2026-10-05T10:09:47,OK,texto (pymupdf simples; markdown tinha artefatos) + OCR em 1 pagina(s),36,36503,C:\Users\thiagonogueira\OneDrive - mppi.mp.br\CLC\01_Processos_e_Aquisicoes\Base de Conhecimento - Thiago\05_Doutrina_e_Biblioteca\Suprimento_de_Fundos\QUANTO CUSTA UMA LICITAÇÃO - 2014.pdf,C:\Users\thiagonogueira\OneDrive - mppi.mp.br\CLC\01_Processos_e_Aquisicoes\Base de Conhecimento - Thiago\05_Doutrina_e_Biblioteca\Suprimento_de_Fundos\QUANTO CUSTA UMA LICITAÇÃO - 2014.md
2026-10-05T10:10:12,OK,texto (pymupdf simples; markdown tinha artefatos),34,51687,C:\Users\thiagonogueira\OneDrive - mppi.mp.br\CLC\01_Processos_e_Aquisicoes\Base de Conhecimento - Thiago\05_Doutrina_e_Biblioteca\Suprimento_de_Fundos\Raquel Pereira Alves.pdf,C:\Users\thiagonogueira\OneDrive - mppi.mp.br\CLC\01_Processos_e_Aquisicoes\Base de Conhecimento - Thiago\05_Doutrina_e_Biblioteca\Suprimento_de_Fundos\Raquel Pereira Alves.md
2026-10-05T10:10:28,OK,texto (pymupdf simples; markdown tinha artefatos) + OCR em 4 pagina(s),120,165421,C:\Users\thiagonogueira\OneDrive - mppi.mp.br\CLC\01_Processos_e_Aquisicoes\Base de Conhecimento - Thiago\05_Doutrina_e_Biblioteca\Suprimento_de_Fundos\RT 12 - Levantamento de custos - consolidação de todos os órgãos.pdf,C:\Users\thiagonogueira\OneDrive - mppi.mp.br\CLC\01_Processos_e_Aquisicoes\Base de Conhecimento - Thiago\05_Doutrina_e_Biblioteca\Suprimento_de_Fundos\RT 12 - Levantamento de custos - consolidação de todos os órgãos.md
2026-10-05T10:11:42,OK,texto (pymupdf4llm),6,10154,C:\Users\thiagonogueira\OneDrive - mppi.mp.br\CLC\01_Processos_e_Aquisicoes\Base de Conhecimento - Thiago\05_Doutrina_e_Biblioteca\Suprimento_de_Fundos\Você sabe quanto custa uma licitação_.pdf,C:\Users\thiagonogueira\OneDrive - mppi.mp.br\CLC\01_Processos_e_Aquisicoes\Base de Conhecimento - Thiago\05_Doutrina_e_Biblioteca\Suprimento_de_Fundos\Você sabe quanto custa uma licitação_.md
2026-10-05T10:11:46,OK,texto (pymupdf4llm),41,134709,C:\Users\thiagonogueira\OneDrive - mppi.mp.br\CLC\01_Processos_e_Aquisicoes\Base de Conhecimento - Thiago\01_Normativos_Vigentes\02_Estadual_PI\Leis\lei complementar 13.94 - servidores cvis.pdf,C:\Users\thiagonogueira\OneDrive - mppi.mp.br\CLC\01_Processos_e_Aquisicoes\Base de Conhecimento - Thiago\01_Normativos_Vigentes\02_Estadual_PI\Leis\lei complementar 13.94 - servidores cvis.md
2026-10-05T10:12:08,OK,OCR tesseract por,13,9841,C:\Users\thiagonogueira\OneDrive - mppi.mp.br\CLC\01_Processos_e_Aquisicoes\Base de Conhecimento - Thiago\01_Normativos_Vigentes\03_MPPI\Informativo-Suprimento-de-Fundos-Maio-de-2024.pdf,C:\Users\thiagonogueira\OneDrive - mppi.mp.br\CLC\01_Processos_e_Aquisicoes\Base de Conhecimento - Thiago\01_Normativos_Vigentes\03_MPPI\Informativo-Suprimento-de-Fundos-Maio-de-2024.md
2026-10-05T10:15:20,OK,texto (pymupdf4llm),13,21610,C:\Users\thiagonogueira\OneDrive - mppi.mp.br\CLC\01_Processos_e_Aquisicoes\Base de Conhecimento - Thiago\05_Doutrina_e_Biblioteca\Biblioteca_Manuais_e_Cursos\Curso_Imersao_Contratacoes_Diretas\Programacao.pdf,C:\Users\thiagonogueira\OneDrive - mppi.mp.br\CLC\01_Processos_e_Aquisicoes\Base de Conhecimento - Thiago\05_Doutrina_e_Biblioteca\Biblioteca_Manuais_e_Cursos\Curso_Imersao_Contratacoes_Diretas\Programacao.md
2026-10-05T10:15:26,OK,OCR tesseract por,44,25616,C:\Users\thiagonogueira\OneDrive - mppi.mp.br\CLC\01_Processos_e_Aquisicoes\Base de Conhecimento - Thiago\05_Doutrina_e_Biblioteca\Biblioteca_Manuais_e_Cursos\Curso_Imersao_Contratacoes_Diretas\Laboratório_Professor_Thiago_Zagatto.pdf,C:\Users\thiagonogueira\OneDrive - mppi.mp.br\CLC\01_Processos_e_Aquisicoes\Base de Conhecimento - Thiago\05_Doutrina_e_Biblioteca\Biblioteca_Manuais_e_Cursos\Curso_Imersao_Contratacoes_Diretas\Laboratório_Professor_Thiago_Zagatto.md
2026-10-05T10:15:46,OK,texto (pymupdf simples; markdown tinha artefatos) + OCR em 2 pagina(s),170,425297,C:\Users\thiagonogueira\OneDrive - mppi.mp.br\CLC\01_Processos_e_Aquisicoes\Base de Conhecimento - Thiago\05_Doutrina_e_Biblioteca\Biblioteca_Manuais_e_Cursos\Curso_Imersao_Contratacoes_Diretas\Informativo Decisões – Nova Lei.pdf,C:\Users\thiagonogueira\OneDrive - mppi.mp.br\CLC\01_Processos_e_Aquisicoes\Base de Conhecimento - Thiago\05_Doutrina_e_Biblioteca\Biblioteca_Manuais_e_Cursos\Curso_Imersao_Contratacoes_Diretas\Informativo Decisões – Nova Lei.md
2026-10-05T10:16:58,OK,texto (pymupdf simples; markdown tinha artefatos) + OCR em 2 pagina(s),154,249209,C:\Users\thiagonogueira\OneDrive - mppi.mp.br\CLC\01_Processos_e_Aquisicoes\Base de Conhecimento - Thiago\05_Doutrina_e_Biblioteca\Biblioteca_Manuais_e_Cursos\Curso_Imersao_Contratacoes_Diretas\Material Selecionado – Produção Zênite – Regime Lei nº 14.133.2021.pdf,C:\Users\thiagonogueira\OneDrive - mppi.mp.br\CLC\01_Processos_e_Aquisicoes\Base de Conhecimento - Thiago\05_Doutrina_e_Biblioteca\Biblioteca_Manuais_e_Cursos\Curso_Imersao_Contratacoes_Diretas\Material Selecionado – Produção Zênite – Regime Lei nº 14.133.2021.md
2026-10-05T10:18:15,OK,texto (pymupdf4llm) + OCR em 1 pagina(s),25,19734,C:\Users\thiagonogueira\OneDrive - mppi.mp.br\CLC\01_Processos_e_Aquisicoes\Base de Conhecimento - Thiago\05_Doutrina_e_Biblioteca\Biblioteca_Manuais_e_Cursos\Curso_Imersao_Contratacoes_Diretas\1.2 - Ponto_de_vista_I_Profa_Michelle_Marry.pdf,C:\Users\thiagonogueira\OneDrive - mppi.mp.br\CLC\01_Processos_e_Aquisicoes\Base de Conhecimento - Thiago\05_Doutrina_e_Biblioteca\Biblioteca_Manuais_e_Cursos\Curso_Imersao_Contratacoes_Diretas\1.2 - Ponto_de_vista_I_Profa_Michelle_Marry.md
2026-10-05T10:18:27,OK,texto (pymupdf4llm),16,22928,C:\Users\thiagonogueira\OneDrive - mppi.mp.br\CLC\01_Processos_e_Aquisicoes\Base de Conhecimento - Thiago\05_Doutrina_e_Biblioteca\Biblioteca_Manuais_e_Cursos\Curso_Imersao_Contratacoes_Diretas\1.3 - Ponto_de_vista_II_Profa_Suzana_Rossetti.pdf,C:\Users\thiagonogueira\OneDrive - mppi.mp.br\CLC\01_Processos_e_Aquisicoes\Base de Conhecimento - Thiago\05_Doutrina_e_Biblioteca\Biblioteca_Manuais_e_Cursos\Curso_Imersao_Contratacoes_Diretas\1.3 - Ponto_de_vista_II_Profa_Suzana_Rossetti.md
2026-10-05T10:18:40,OK,texto (pymupdf4llm),34,48586,C:\Users\thiagonogueira\OneDrive - mppi.mp.br\CLC\01_Processos_e_Aquisicoes\Base de Conhecimento - Thiago\05_Doutrina_e_Biblioteca\Biblioteca_Manuais_e_Cursos\Curso_Imersao_Contratacoes_Diretas\1.4 - Na_pratica_I.pdf,C:\Users\thiagonogueira\OneDrive - mppi.mp.br\CLC\01_Processos_e_Aquisicoes\Base de Conhecimento - Thiago\05_Doutrina_e_Biblioteca\Biblioteca_Manuais_e_Cursos\Curso_Imersao_Contratacoes_Diretas\1.4 - Na_pratica_I.md
2026-10-05T10:18:57,OK,texto (pymupdf4llm),31,45764,C:\Users\thiagonogueira\OneDrive - mppi.mp.br\CLC\01_Processos_e_Aquisicoes\Base de Conhecimento - Thiago\05_Doutrina_e_Biblioteca\Biblioteca_Manuais_e_Cursos\Curso_Imersao_Contratacoes_Diretas\2.1 - Na_pratica_II.pdf,C:\Users\thiagonogueira\OneDrive - mppi.mp.br\CLC\01_Processos_e_Aquisicoes\Base de Conhecimento - Thiago\05_Doutrina_e_Biblioteca\Biblioteca_Manuais_e_Cursos\Curso_Imersao_Contratacoes_Diretas\2.1 - Na_pratica_II.md
2026-10-05T10:19:17,OK,texto (pymupdf4llm) + OCR em 1 pagina(s),31,46471,C:\Users\thiagonogueira\OneDrive - mppi.mp.br\CLC\01_Processos_e_Aquisicoes\Base de Conhecimento - Thiago\05_Doutrina_e_Biblioteca\Biblioteca_Manuais_e_Cursos\Curso_Imersao_Contratacoes_Diretas\2.2 - Na_pratica_III_profa_manuela.pdf,C:\Users\thiagonogueira\OneDrive - mppi.mp.br\CLC\01_Processos_e_Aquisicoes\Base de Conhecimento - Thiago\05_Doutrina_e_Biblioteca\Biblioteca_Manuais_e_Cursos\Curso_Imersao_Contratacoes_Diretas\2.2 - Na_pratica_III_profa_manuela.md
2026-10-05T10:19:39,OK,texto (pymupdf4llm),14,28551,C:\Users\thiagonogueira\OneDrive - mppi.mp.br\CLC\01_Processos_e_Aquisicoes\Base de Conhecimento - Thiago\05_Doutrina_e_Biblioteca\Biblioteca_Manuais_e_Cursos\Curso_Imersao_Contratacoes_Diretas\2.3 - Na_pratica_IV.pdf,C:\Users\thiagonogueira\OneDrive - mppi.mp.br\CLC\01_Processos_e_Aquisicoes\Base de Conhecimento - Thiago\05_Doutrina_e_Biblioteca\Biblioteca_Manuais_e_Cursos\Curso_Imersao_Contratacoes_Diretas\2.3 - Na_pratica_IV.md
2026-10-05T10:19:47,OK,texto (pymupdf4llm) + OCR em 1 pagina(s),28,62698,C:\Users\thiagonogueira\OneDrive - mppi.mp.br\CLC\01_Processos_e_Aquisicoes\Base de Conhecimento - Thiago\05_Doutrina_e_Biblioteca\Biblioteca_Manuais_e_Cursos\Curso_Imersao_Contratacoes_Diretas\3.3 - Ponto_de_vista_III.pdf,C:\Users\thiagonogueira\OneDrive - mppi.mp.br\CLC\01_Processos_e_Aquisicoes\Base de Conhecimento - Thiago\05_Doutrina_e_Biblioteca\Biblioteca_Manuais_e_Cursos\Curso_Imersao_Contratacoes_Diretas\3.3 - Ponto_de_vista_III.md
2026-10-05T10:20:09,OK,texto (pymupdf4llm),1,4525,C:\Users\thiagonogueira\OneDrive - mppi.mp.br\CLC\01_Processos_e_Aquisicoes\Base de Conhecimento - Thiago\05_Doutrina_e_Biblioteca\Biblioteca_Manuais_e_Cursos\Material_Didatico_CLC\Roteiro_Resumido_1pagina.pdf,C:\Users\thiagonogueira\OneDrive - mppi.mp.br\CLC\01_Processos_e_Aquisicoes\Base de Conhecimento - Thiago\05_Doutrina_e_Biblioteca\Biblioteca_Manuais_e_Cursos\Material_Didatico_CLC\Roteiro_Resumido_1pagina.md
