arquivo,metodo,paginas,pag_sem_texto,cobertura_palavras,chars_md,chars_pdf,negrito_quebrado,caractere_invalido,linhas_repetidas_3x,tabelas_md,titulos,linhas_espacadas,md
Lei-14133-Lista-de-Verificacao-Locacao-Imovel.md,texto (pymupdf4llm),7,0,0.906,13157,13365,2,0,0,4,3,0,C:\Users\thiagonogueira\OneDrive - mppi.mp.br\CLC\01_Processos_e_Aquisicoes\Base de Conhecimento - Thiago\SIte_PGE_PI\Locação de Imóvel - Abril 2024\Lei-14133-Lista-de-Verificacao-Locacao-Imovel.md
Lei-14133-Locacao-Imovel-DOE.md,texto (pymupdf4llm),7,0,0.866,13470,14544,2,0,0,7,3,0,C:\Users\thiagonogueira\OneDrive - mppi.mp.br\CLC\01_Processos_e_Aquisicoes\Base de Conhecimento - Thiago\SIte_PGE_PI\Locação de Imóvel - Abril 2024\Lei-14133-Locacao-Imovel-DOE.md
01-Lei-14133-Lista-de-Verificacao-Pregao-Eletronico-SEM-SRP-Outubro-20,texto (pymupdf4llm),6,0,0.919,12805,12824,2,0,0,4,2,0,C:\Users\thiagonogueira\OneDrive - mppi.mp.br\CLC\01_Processos_e_Aquisicoes\Base de Conhecimento - Thiago\SIte_PGE_PI\Pregão Eletrônico - Bens e Serviços\01-Lei-14133-Lista-de-Verificacao-Pregao-Eletronico-SEM-SRP-Outubro-2025.md
02-Lei-14133-Lista-de-Verificacao-Pregao-Eletronico-COM-SRP-Outubro-20,texto (pymupdf4llm),6,0,0.905,11770,11939,2,0,0,4,2,0,C:\Users\thiagonogueira\OneDrive - mppi.mp.br\CLC\01_Processos_e_Aquisicoes\Base de Conhecimento - Thiago\SIte_PGE_PI\Pregão Eletrônico - Bens e Serviços\02-Lei-14133-Lista-de-Verificacao-Pregao-Eletronico-COM-SRP-Outubro-2025.md
Lista-de-Verificacao-para-Abertura-de-Pregao-Bens-e-Servicos-Comuns-DO,texto (pymupdf4llm),6,0,0.879,11486,12127,2,0,0,6,3,0,C:\Users\thiagonogueira\OneDrive - mppi.mp.br\CLC\01_Processos_e_Aquisicoes\Base de Conhecimento - Thiago\SIte_PGE_PI\Pregão Eletrônico - Bens e Serviços\Lista-de-Verificacao-para-Abertura-de-Pregao-Bens-e-Servicos-Comuns-DOE.md
Lista-de-Verificacao-para-Abertura-de-Pregao-Registro-de-Precos-DOE.md,texto (pymupdf4llm),6,0,0.853,11898,12934,2,0,0,7,3,0,C:\Users\thiagonogueira\OneDrive - mppi.mp.br\CLC\01_Processos_e_Aquisicoes\Base de Conhecimento - Thiago\SIte_PGE_PI\Pregão Eletrônico - Bens e Serviços\Lista-de-Verificacao-para-Abertura-de-Pregao-Registro-de-Precos-DOE.md
Lei-14133-Lista-de-Verificacao-Pregao-Eletronico-COM-SRP-Servicos-Comu,texto (pymupdf4llm),6,0,0.891,10976,11313,3,0,0,4,3,0,C:\Users\thiagonogueira\OneDrive - mppi.mp.br\CLC\01_Processos_e_Aquisicoes\Base de Conhecimento - Thiago\SIte_PGE_PI\Pregão Eletrônico - Serviços Comuns de Engenharia\Lei-14133-Lista-de-Verificacao-Pregao-Eletronico-COM-SRP-Servicos-Comuns-de-Engenharia.md
Lei-14133-Lista-de-Verificacao-Pregao-Eletronico-SEM-SRP-Servicos-Comu,texto (pymupdf4llm),6,0,0.913,12673,12650,3,0,0,5,3,0,C:\Users\thiagonogueira\OneDrive - mppi.mp.br\CLC\01_Processos_e_Aquisicoes\Base de Conhecimento - Thiago\SIte_PGE_PI\Pregão Eletrônico - Serviços Comuns de Engenharia\Lei-14133-Lista-de-Verificacao-Pregao-Eletronico-SEM-SRP-Servicos-Comuns-de-Engenharia.md
Lista-de-Verificacao-Pregao-Eletronico-COM-SRP-Servicos-Comuns-de-Enge,texto (pymupdf4llm),6,0,0.864,11514,12319,3,0,0,7,5,0,C:\Users\thiagonogueira\OneDrive - mppi.mp.br\CLC\01_Processos_e_Aquisicoes\Base de Conhecimento - Thiago\SIte_PGE_PI\Pregão Eletrônico - Serviços Comuns de Engenharia\Lista-de-Verificacao-Pregao-Eletronico-COM-SRP-Servicos-Comuns-de-Engenharia-DOE.md
Lista-de-Verificacao-Pregao-Eletronico-SEM-SRP-Servicos-Comuns-de-Enge,texto (pymupdf4llm),6,0,0.866,12816,13652,3,0,0,7,3,0,C:\Users\thiagonogueira\OneDrive - mppi.mp.br\CLC\01_Processos_e_Aquisicoes\Base de Conhecimento - Thiago\SIte_PGE_PI\Pregão Eletrônico - Serviços Comuns de Engenharia\Lista-de-Verificacao-Pregao-Eletronico-SEM-SRP-Servicos-Comuns-de-Engenharia-DOE.md
SEI_TJPI_-_6640734_-_Provimento.md,OCR tesseract por,28,13,1.0,96233,90247,0,0,82,0,0,0,C:\Users\thiagonogueira\OneDrive - mppi.mp.br\CLC\01_Processos_e_Aquisicoes\Base de Conhecimento - Thiago\SEI_TJPI_-_6640734_-_Provimento.md
Decreto Estadual - n11.320132004 - 2004.md,texto (pymupdf4llm); 6 caractere(s) ilegivel(is),10,0,0.991,15360,14913,1,6,0,24,10,0,C:\Users\thiagonogueira\OneDrive - mppi.mp.br\CLC\01_Processos_e_Aquisicoes\Base de Conhecimento - Thiago\01_Normativos_Vigentes\02_Estadual_PI\Decretos\Decreto Estadual - n11.320132004 - 2004.md
Ato PGJMPPI - n1383.0 - 2024.md,texto (pymupdf4llm),1,0,1.0,1889,1819,0,0,0,0,3,0,C:\Users\thiagonogueira\OneDrive - mppi.mp.br\CLC\01_Processos_e_Aquisicoes\Base de Conhecimento - Thiago\01_Normativos_Vigentes\03_MPPI\Atos\Ato PGJMPPI - n1383.0 - 2024.md
Ato PGJMPPI - n1449.0 - 2024.md,texto (pymupdf4llm),2,0,1.0,5577,5368,0,0,0,0,3,0,C:\Users\thiagonogueira\OneDrive - mppi.mp.br\CLC\01_Processos_e_Aquisicoes\Base de Conhecimento - Thiago\01_Normativos_Vigentes\03_MPPI\Atos\Ato PGJMPPI - n1449.0 - 2024.md
Ato PGJMPPI - n1480.0 - 2025.md,texto (pymupdf4llm),3,0,1.0,4611,4418,0,0,9,0,5,0,C:\Users\thiagonogueira\OneDrive - mppi.mp.br\CLC\01_Processos_e_Aquisicoes\Base de Conhecimento - Thiago\01_Normativos_Vigentes\03_MPPI\Atos\Ato PGJMPPI - n1480.0 - 2025.md
PCA 2026 - Versão 2.0 - MPPI.md,texto (pymupdf4llm),84,0,0.958,159455,150154,0,0,125,832,40,0,C:\Users\thiagonogueira\OneDrive - mppi.mp.br\CLC\01_Processos_e_Aquisicoes\Base de Conhecimento - Thiago\01_Normativos_Vigentes\03_MPPI\PCA_2026\PCA 2026 - Versão 2.0 - MPPI.md
PCA 2026 - Versão 3.0 - MPPI.md,texto (pymupdf4llm),59,0,0.966,107605,101158,0,0,81,557,40,0,C:\Users\thiagonogueira\OneDrive - mppi.mp.br\CLC\01_Processos_e_Aquisicoes\Base de Conhecimento - Thiago\01_Normativos_Vigentes\03_MPPI\PCA_2026\PCA 2026 - Versão 3.0 - MPPI.md
PCA 2026.md,texto (pymupdf simples; markdown tinha artefatos) + OCR em 7 pagina(s),336,7,1.0,297471,321092,0,0,798,0,0,0,C:\Users\thiagonogueira\OneDrive - mppi.mp.br\CLC\01_Processos_e_Aquisicoes\Base de Conhecimento - Thiago\01_Normativos_Vigentes\03_MPPI\PCA_2026\PCA 2026.md
PORTARIA_PGJ_PI_5644_2025_AGENTE_DE_CONTRATACAO.md,texto (pymupdf4llm),1,0,0.995,3981,3667,2,0,0,3,8,0,C:\Users\thiagonogueira\OneDrive - mppi.mp.br\CLC\01_Processos_e_Aquisicoes\Base de Conhecimento - Thiago\01_Normativos_Vigentes\03_MPPI\Portarias\PORTARIA_PGJ_PI_5644_2025_AGENTE_DE_CONTRATACAO.md
Portaria PGJMPPI - n3315.0 - 2025.md,texto (pymupdf4llm),5,0,0.89,9138,9492,11,0,0,6,7,0,C:\Users\thiagonogueira\OneDrive - mppi.mp.br\CLC\01_Processos_e_Aquisicoes\Base de Conhecimento - Thiago\01_Normativos_Vigentes\03_MPPI\Portarias\Portaria PGJMPPI - n3315.0 - 2025.md
"SEI_TJPI - 6640734 - Provimento 13.2025 - Regulamenta Obras, serviços,",OCR tesseract por,33,13,0.994,96608,92234,0,0,61,0,0,0,"C:\Users\thiagonogueira\OneDrive - mppi.mp.br\CLC\01_Processos_e_Aquisicoes\Base de Conhecimento - Thiago\01_Normativos_Vigentes\06_TJPI\Outros_Normativos\SEI_TJPI - 6640734 - Provimento 13.2025 - Regulamenta Obras, serviços, compras e alienações n.md"
SEI_TJPI - 7123034 - Lista de Verificação SGC.md,texto (pymupdf4llm),1,0,0.987,2415,2216,0,0,0,5,1,0,C:\Users\thiagonogueira\OneDrive - mppi.mp.br\CLC\01_Processos_e_Aquisicoes\Base de Conhecimento - Thiago\01_Normativos_Vigentes\06_TJPI\Outros_Normativos\SEI_TJPI - 7123034 - Lista de Verificação SGC.md
Plen_rio_Presencial_2__C_mara___Sess_o_Ordin_ria_Virtual_de_18_a_22_de,texto (pymupdf4llm),3,0,1.0,4258,3834,0,0,8,0,18,0,C:\Users\thiagonogueira\OneDrive - mppi.mp.br\CLC\01_Processos_e_Aquisicoes\Base de Conhecimento - Thiago\02_Jurisprudencia_e_Orientacoes\Informativos_Julgamentos_TCE_PI\Plen_rio_Presencial_2__C_mara___Sess_o_Ordin_ria_Virtual_de_18_a_22_de_maio_de_2.md
Plen_rio_Presencial_Pleno___Sess_o_Ordin_ria_Presencial_n__004_de_13_d,texto (pymupdf4llm),3,0,0.978,11057,10710,0,0,0,0,24,0,C:\Users\thiagonogueira\OneDrive - mppi.mp.br\CLC\01_Processos_e_Aquisicoes\Base de Conhecimento - Thiago\02_Jurisprudencia_e_Orientacoes\Informativos_Julgamentos_TCE_PI\Plen_rio_Presencial_Pleno___Sess_o_Ordin_ria_Presencial_n__004_de_13_de_mar_o_de.md
Plen_rio_Presencial_Pleno___Sess_o_Ordin_ria_Presencial_n__011_de_25_d,texto (pymupdf4llm),2,0,0.975,6452,6199,0,0,3,0,16,0,C:\Users\thiagonogueira\OneDrive - mppi.mp.br\CLC\01_Processos_e_Aquisicoes\Base de Conhecimento - Thiago\02_Jurisprudencia_e_Orientacoes\Informativos_Julgamentos_TCE_PI\Plen_rio_Presencial_Pleno___Sess_o_Ordin_ria_Presencial_n__011_de_25_de_junho_de.md
Plen_rio_Presencial_Pleno___Sess_o_Ordin_ria_Presencial_n__013_de_16_d,texto (pymupdf4llm),1,0,0.993,1621,1541,0,0,0,0,4,0,C:\Users\thiagonogueira\OneDrive - mppi.mp.br\CLC\01_Processos_e_Aquisicoes\Base de Conhecimento - Thiago\02_Jurisprudencia_e_Orientacoes\Informativos_Julgamentos_TCE_PI\Plen_rio_Presencial_Pleno___Sess_o_Ordin_ria_Presencial_n__013_de_16_de_julho_de.md
Plen_rio_Presencial_Pleno___Sess_o_Ordin_ria_Presencial_n__016_de_20_d,texto (pymupdf4llm),4,0,0.987,11575,10991,0,0,3,0,37,0,C:\Users\thiagonogueira\OneDrive - mppi.mp.br\CLC\01_Processos_e_Aquisicoes\Base de Conhecimento - Thiago\02_Jurisprudencia_e_Orientacoes\Informativos_Julgamentos_TCE_PI\Plen_rio_Presencial_Pleno___Sess_o_Ordin_ria_Presencial_n__016_de_20_de_agosto_d.md
Plen_rio_Presencial_Pleno___Sess_o_Ordin_ria_Presencial_n__05_de_26_de,texto (pymupdf4llm),3,0,0.968,10037,9634,0,0,0,0,23,0,C:\Users\thiagonogueira\OneDrive - mppi.mp.br\CLC\01_Processos_e_Aquisicoes\Base de Conhecimento - Thiago\02_Jurisprudencia_e_Orientacoes\Informativos_Julgamentos_TCE_PI\Plen_rio_Presencial_Pleno___Sess_o_Ordin_ria_Presencial_n__05_de_26_de_mar_o_de_.md
Plen_rio_Presencial_Pleno___Sess_o_Ordin_ria_Presencial_n__21_de_15_de,texto (pymupdf4llm),2,0,0.98,6721,6425,0,0,3,0,20,0,C:\Users\thiagonogueira\OneDrive - mppi.mp.br\CLC\01_Processos_e_Aquisicoes\Base de Conhecimento - Thiago\02_Jurisprudencia_e_Orientacoes\Informativos_Julgamentos_TCE_PI\Plen_rio_Presencial_Pleno___Sess_o_Ordin_ria_Presencial_n__21_de_15_de_dezembro_.md
Plen_rio_Virtual_Pleno___Sess_o_Ordin_ria_Virtual_de_03_a_07_de_agosto,texto (pymupdf4llm),1,0,1.0,1483,1347,0,0,0,0,3,0,C:\Users\thiagonogueira\OneDrive - mppi.mp.br\CLC\01_Processos_e_Aquisicoes\Base de Conhecimento - Thiago\02_Jurisprudencia_e_Orientacoes\Informativos_Julgamentos_TCE_PI\Plen_rio_Virtual_Pleno___Sess_o_Ordin_ria_Virtual_de_03_a_07_de_agosto_de_2026_.md
Plen_rio_Virtual_Pleno___Sess_o_Ordin_ria_Virtual_de_08_a_11_de_setemb,texto (pymupdf4llm),3,0,1.0,3743,3429,0,0,0,0,9,0,C:\Users\thiagonogueira\OneDrive - mppi.mp.br\CLC\01_Processos_e_Aquisicoes\Base de Conhecimento - Thiago\02_Jurisprudencia_e_Orientacoes\Informativos_Julgamentos_TCE_PI\Plen_rio_Virtual_Pleno___Sess_o_Ordin_ria_Virtual_de_08_a_11_de_setembro_de_2026.md
Plen_rio_Virtual_Pleno___Sess_o_Ordin_ria_Virtual_de_13_a_17_de_julho_,texto (pymupdf4llm),2,0,1.0,2370,2132,0,0,3,0,6,0,C:\Users\thiagonogueira\OneDrive - mppi.mp.br\CLC\01_Processos_e_Aquisicoes\Base de Conhecimento - Thiago\02_Jurisprudencia_e_Orientacoes\Informativos_Julgamentos_TCE_PI\Plen_rio_Virtual_Pleno___Sess_o_Ordin_ria_Virtual_de_13_a_17_de_julho_de_2026_.md
Plen_rio_Virtual_Pleno___Sess_o_Ordin_ria_Virtual_de_14_a_18_de_setemb,texto (pymupdf4llm),3,0,1.0,3740,3379,0,0,4,0,15,0,C:\Users\thiagonogueira\OneDrive - mppi.mp.br\CLC\01_Processos_e_Aquisicoes\Base de Conhecimento - Thiago\02_Jurisprudencia_e_Orientacoes\Informativos_Julgamentos_TCE_PI\Plen_rio_Virtual_Pleno___Sess_o_Ordin_ria_Virtual_de_14_a_18_de_setembro_de_2026.md
Plen_rio_Virtual_Pleno___Sess_o_Ordin_ria_Virtual_de_15_a_19_de_junho_,texto (pymupdf4llm),2,0,1.0,3548,3219,0,0,0,0,11,0,C:\Users\thiagonogueira\OneDrive - mppi.mp.br\CLC\01_Processos_e_Aquisicoes\Base de Conhecimento - Thiago\02_Jurisprudencia_e_Orientacoes\Informativos_Julgamentos_TCE_PI\Plen_rio_Virtual_Pleno___Sess_o_Ordin_ria_Virtual_de_15_a_19_de_junho_de_2026_.md
Plen_rio_Virtual_Pleno___Sess_o_Ordin_ria_Virtual_de_17_a_21_de_agosto,texto (pymupdf4llm),5,0,0.993,6257,5685,0,0,9,0,20,0,C:\Users\thiagonogueira\OneDrive - mppi.mp.br\CLC\01_Processos_e_Aquisicoes\Base de Conhecimento - Thiago\02_Jurisprudencia_e_Orientacoes\Informativos_Julgamentos_TCE_PI\Plen_rio_Virtual_Pleno___Sess_o_Ordin_ria_Virtual_de_17_a_21_de_agosto_de_2026_.md
Plen_rio_Virtual_Pleno___Sess_o_Ordin_ria_Virtual_de_1__a_05_de_junho_,texto (pymupdf4llm),4,0,1.0,5739,5248,0,0,0,0,14,0,C:\Users\thiagonogueira\OneDrive - mppi.mp.br\CLC\01_Processos_e_Aquisicoes\Base de Conhecimento - Thiago\02_Jurisprudencia_e_Orientacoes\Informativos_Julgamentos_TCE_PI\Plen_rio_Virtual_Pleno___Sess_o_Ordin_ria_Virtual_de_1__a_05_de_junho_de_2026_.md
Plen_rio_Virtual_Pleno___Sess_o_Ordin_ria_Virtual_de_20_a_24_de_julho_,texto (pymupdf4llm),1,0,1.0,1264,1165,0,0,0,0,3,0,C:\Users\thiagonogueira\OneDrive - mppi.mp.br\CLC\01_Processos_e_Aquisicoes\Base de Conhecimento - Thiago\02_Jurisprudencia_e_Orientacoes\Informativos_Julgamentos_TCE_PI\Plen_rio_Virtual_Pleno___Sess_o_Ordin_ria_Virtual_de_20_a_24_de_julho_de_2026_.md
Plen_rio_Virtual_Pleno___Sess_o_Ordin_ria_Virtual_de_21_a_25_de_setemb,texto (pymupdf4llm),2,0,1.0,3164,2899,0,0,3,0,7,0,C:\Users\thiagonogueira\OneDrive - mppi.mp.br\CLC\01_Processos_e_Aquisicoes\Base de Conhecimento - Thiago\02_Jurisprudencia_e_Orientacoes\Informativos_Julgamentos_TCE_PI\Plen_rio_Virtual_Pleno___Sess_o_Ordin_ria_Virtual_de_21_a_25_de_setembro_de_2026.md
Plen_rio_Virtual_Pleno___Sess_o_Ordin_ria_Virtual_de_27_a_31_de_julho_,texto (pymupdf4llm),2,0,1.0,3458,3159,0,0,3,0,14,0,C:\Users\thiagonogueira\OneDrive - mppi.mp.br\CLC\01_Processos_e_Aquisicoes\Base de Conhecimento - Thiago\02_Jurisprudencia_e_Orientacoes\Informativos_Julgamentos_TCE_PI\Plen_rio_Virtual_Pleno___Sess_o_Ordin_ria_Virtual_de_27_a_31_de_julho_de_2026_.md
Plen_rio_Virtual_Pleno___Sess_o_Ordin_ria_Virtual_de_29_de_junho_a_03_,texto (pymupdf4llm),2,0,1.0,2373,2121,0,0,3,0,10,0,C:\Users\thiagonogueira\OneDrive - mppi.mp.br\CLC\01_Processos_e_Aquisicoes\Base de Conhecimento - Thiago\02_Jurisprudencia_e_Orientacoes\Informativos_Julgamentos_TCE_PI\Plen_rio_Virtual_Pleno___Sess_o_Ordin_ria_Virtual_de_29_de_junho_a_03_de_julho_d.md
Plen_rio_Virtual_Pleno___Sess_o_Ordin_ria_Virtual_de_31_de_agosto_a_04,texto (pymupdf4llm),4,0,1.0,6469,5905,0,0,12,0,24,0,C:\Users\thiagonogueira\OneDrive - mppi.mp.br\CLC\01_Processos_e_Aquisicoes\Base de Conhecimento - Thiago\02_Jurisprudencia_e_Orientacoes\Informativos_Julgamentos_TCE_PI\Plen_rio_Virtual_Pleno___Sess_o_Ordin_ria_Virtual_de_31_de_agosto_a_04_de_setemb.md
Primeira_C_mara_Presencial_1__C_mara___Sess_o_Ordin_ria_Presencial_n__,texto (pymupdf4llm),2,0,1.0,5022,4693,0,0,6,0,22,0,C:\Users\thiagonogueira\OneDrive - mppi.mp.br\CLC\01_Processos_e_Aquisicoes\Base de Conhecimento - Thiago\02_Jurisprudencia_e_Orientacoes\Informativos_Julgamentos_TCE_PI\Primeira_C_mara_Presencial_1__C_mara___Sess_o_Ordin_ria_Presencial_n__03_de_24_d.md
Primeira_C_mara_Presencial_1__C_mara___Sess_o_Ordin_ria_Presencial_n__,texto (pymupdf4llm),2,0,1.0,5314,4994,0,0,7,0,19,0,C:\Users\thiagonogueira\OneDrive - mppi.mp.br\CLC\01_Processos_e_Aquisicoes\Base de Conhecimento - Thiago\02_Jurisprudencia_e_Orientacoes\Informativos_Julgamentos_TCE_PI\Primeira_C_mara_Presencial_1__C_mara___Sess_o_Ordin_ria_Presencial_n__05_de_24_d.md
Primeira_C_mara_Presencial_1__C_mara___Sess_o_Ordin_ria_Presencial_n__,texto (pymupdf4llm),4,0,0.996,11368,10746,3,0,15,0,26,0,C:\Users\thiagonogueira\OneDrive - mppi.mp.br\CLC\01_Processos_e_Aquisicoes\Base de Conhecimento - Thiago\02_Jurisprudencia_e_Orientacoes\Informativos_Julgamentos_TCE_PI\Primeira_C_mara_Presencial_1__C_mara___Sess_o_Ordin_ria_Presencial_n__08_de_12_d.md
Primeira_C_mara_Presencial_1__C_mara___Sess_o_Ordin_ria_Presencial_n__,texto (pymupdf4llm),3,0,1.0,6451,6083,0,0,0,0,24,0,C:\Users\thiagonogueira\OneDrive - mppi.mp.br\CLC\01_Processos_e_Aquisicoes\Base de Conhecimento - Thiago\02_Jurisprudencia_e_Orientacoes\Informativos_Julgamentos_TCE_PI\Primeira_C_mara_Presencial_1__C_mara___Sess_o_Ordin_ria_Presencial_n__10_de_9_de.md
Primeira_C_mara_Presencial_1__C_mara___Sess_o_Ordin_ria_Presencial_n__,texto (pymupdf4llm),3,0,0.996,7820,7530,0,0,0,0,19,0,C:\Users\thiagonogueira\OneDrive - mppi.mp.br\CLC\01_Processos_e_Aquisicoes\Base de Conhecimento - Thiago\02_Jurisprudencia_e_Orientacoes\Informativos_Julgamentos_TCE_PI\Primeira_C_mara_Presencial_1__C_mara___Sess_o_Ordin_ria_Presencial_n__11_de_23_d.md
Primeira_C_mara_Presencial_1__C_mara___Sess_o_Ordin_ria_Presencial_n__,texto (pymupdf4llm),3,0,0.994,7452,7330,0,0,6,0,28,0,C:\Users\thiagonogueira\OneDrive - mppi.mp.br\CLC\01_Processos_e_Aquisicoes\Base de Conhecimento - Thiago\02_Jurisprudencia_e_Orientacoes\Informativos_Julgamentos_TCE_PI\Primeira_C_mara_Presencial_1__C_mara___Sess_o_Ordin_ria_Presencial_n__13_de_21_d.md
Primeira_C_mara_Presencial_1__C_mara___Sess_o_Ordin_ria_Presencial_n__,texto (pymupdf4llm),2,0,0.997,6783,6505,0,0,6,0,21,0,C:\Users\thiagonogueira\OneDrive - mppi.mp.br\CLC\01_Processos_e_Aquisicoes\Base de Conhecimento - Thiago\02_Jurisprudencia_e_Orientacoes\Informativos_Julgamentos_TCE_PI\Primeira_C_mara_Presencial_1__C_mara___Sess_o_Ordin_ria_Presencial_n__16_de_01_d.md
Primeira_C_mara_Presencial_1__C_mara___Sess_o_Ordin_ria_Presencial_n__,texto (pymupdf4llm),3,0,0.996,7693,7299,0,0,0,0,20,0,C:\Users\thiagonogueira\OneDrive - mppi.mp.br\CLC\01_Processos_e_Aquisicoes\Base de Conhecimento - Thiago\02_Jurisprudencia_e_Orientacoes\Informativos_Julgamentos_TCE_PI\Primeira_C_mara_Presencial_1__C_mara___Sess_o_Ordin_ria_Presencial_n__17_de_15_d.md
Primeira_C_mara_Presencial_1__C_mara___Sess_o_de_Julgamento_Presencial,texto (pymupdf4llm),6,0,0.973,16757,16781,0,0,14,0,24,0,C:\Users\thiagonogueira\OneDrive - mppi.mp.br\CLC\01_Processos_e_Aquisicoes\Base de Conhecimento - Thiago\02_Jurisprudencia_e_Orientacoes\Informativos_Julgamentos_TCE_PI\Primeira_C_mara_Presencial_1__C_mara___Sess_o_de_Julgamento_Presencial_n__019_de.md
