lote,sinais,paginas,pdf
lote_03.csv,usuario,1,C:\Users\thiagonogueira\OneDrive - mppi.mp.br\CLC\01_Processos_e_Aquisicoes\Base de Conhecimento - Thiago\01_Normativos_Vigentes\03_MPPI\Portarias\PORTARIA_PGJ_PI_5644_2025_AGENTE_DE_CONTRATACAO.pdf
lote_05.csv,isbn,538,C:\Users\thiagonogueira\OneDrive - mppi.mp.br\CLC\01_Processos_e_Aquisicoes\Base de Conhecimento - Thiago\05_Doutrina_e_Biblioteca\Biblioteca_Manuais_e_Cursos\Compras_publicas_para_inovacao_no_Brasil.pdf
lote_05.csv,isbn,268,C:\Users\thiagonogueira\OneDrive - mppi.mp.br\CLC\01_Processos_e_Aquisicoes\Base de Conhecimento - Thiago\05_Doutrina_e_Biblioteca\Biblioteca_Manuais_e_Cursos\Conselho Superior da Justiça do Trabalho – Guia de Contratações Sustentáveis da Justiça do Trabalho (4ª ediçã.pdf
lote_05.csv,isbn,538,C:\Users\thiagonogueira\OneDrive - mppi.mp.br\CLC\01_Processos_e_Aquisicoes\Base de Conhecimento - Thiago\05_Doutrina_e_Biblioteca\Biblioteca_Manuais_e_Cursos\Livro - Compras_publicas_para_inovacao_no_Brasil.pdf
lote_05.csv,direitos,150,C:\Users\thiagonogueira\OneDrive - mppi.mp.br\CLC\01_Processos_e_Aquisicoes\Base de Conhecimento - Thiago\05_Doutrina_e_Biblioteca\Biblioteca_Manuais_e_Cursos\Livro - NLLC Esquematizada.pdf
lote_05.csv,isbn,188,C:\Users\thiagonogueira\OneDrive - mppi.mp.br\CLC\01_Processos_e_Aquisicoes\Base de Conhecimento - Thiago\05_Doutrina_e_Biblioteca\Biblioteca_Manuais_e_Cursos\Manual MROSC – Do Planejamento à Prestação de Contas – Implementação do marco regulatório das OSC no Governo.pdf
lote_05.csv,"direitos,isbn",336,C:\Users\thiagonogueira\OneDrive - mppi.mp.br\CLC\01_Processos_e_Aquisicoes\Base de Conhecimento - Thiago\05_Doutrina_e_Biblioteca\Biblioteca_Manuais_e_Cursos\Manual de Contratação de TIC sob a Ótica da Nova L.pdf
lote_05.csv,isbn,148,C:\Users\thiagonogueira\OneDrive - mppi.mp.br\CLC\01_Processos_e_Aquisicoes\Base de Conhecimento - Thiago\05_Doutrina_e_Biblioteca\Biblioteca_Manuais_e_Cursos\Manual-do-Portal-da-Transparncia---5-Edio_Final.pdf
lote_05.csv,isbn,269,C:\Users\thiagonogueira\OneDrive - mppi.mp.br\CLC\01_Processos_e_Aquisicoes\Base de Conhecimento - Thiago\05_Doutrina_e_Biblioteca\Biblioteca_Manuais_e_Cursos\Storytelling com Dados (Cole Nussbaumer Knaflic [Knaflic etc.).pdf
lote_06.csv,direitos,218,C:\Users\thiagonogueira\OneDrive - mppi.mp.br\CLC\01_Processos_e_Aquisicoes\Base de Conhecimento - Thiago\05_Doutrina_e_Biblioteca\Biblioteca_Manuais_e_Cursos\Zênite - Apresentação - Curso Habilitação nas Contratações Públicas.pdf
