quando,onde,de,para,md5
2026-10-05T15:32:28,mestra,"C:\Users\thiagonogueira\OneDrive - mppi.mp.br\CLC\01_Processos_e_Aquisicoes\Base de Conhecimento - Thiago\01_Normativos_Vigentes\03_MPPI\Atos\Ato PGJ 0228.2022 - Suprimento de Fundos.md","C:\Users\thiagonogueira\OneDrive - mppi.mp.br\CLC\01_Processos_e_Aquisicoes\Base de Conhecimento - Thiago\01_Normativos_Vigentes\03_MPPI\Atos\Ato PGJ 1228.2022 - Suprimento de Fundos.md",a33dc4febf26766844db4df9940230e1
2026-10-05T15:32:28,clone,"C:\Users\thiagonogueira\Dev\base-conhecimento-licitacoes\01_Normativos_Vigentes\03_MPPI\Atos\Ato PGJ 0228.2022 - Suprimento de Fundos.md","C:\Users\thiagonogueira\Dev\base-conhecimento-licitacoes\01_Normativos_Vigentes\03_MPPI\Atos\Ato PGJ 1228.2022 - Suprimento de Fundos.md",a33dc4febf26766844db4df9940230e1
2026-10-05T15:40:28,mestra,"C:\Users\thiagonogueira\OneDrive - mppi.mp.br\CLC\01_Processos_e_Aquisicoes\Base de Conhecimento - Thiago\01_Normativos_Vigentes\03_MPPI\Atos\Ato PGJ 1228.2022 - Suprimento de Fundos.md","C:\Users\thiagonogueira\OneDrive - mppi.mp.br\CLC\01_Processos_e_Aquisicoes\Base de Conhecimento - Thiago\01_Normativos_Vigentes\03_MPPI\Atos\Ato PGJ 1228.2022 - Suprimento de Fundos (Texto Original).md",d9491c3fa3ab866958c2e198b3bd02b3
2026-10-05T15:40:28,clone,"C:\Users\thiagonogueira\Dev\base-conhecimento-licitacoes\01_Normativos_Vigentes\03_MPPI\Atos\Ato PGJ 1228.2022 - Suprimento de Fundos.md","C:\Users\thiagonogueira\Dev\base-conhecimento-licitacoes\01_Normativos_Vigentes\03_MPPI\Atos\Ato PGJ 1228.2022 - Suprimento de Fundos (Texto Original).md",d9491c3fa3ab866958c2e198b3bd02b3
2026-10-06T07:57:56,mestra,C:\Users\thiagonogueira\OneDrive - mppi.mp.br\CLC\01_Processos_e_Aquisicoes\Base de Conhecimento - Thiago\01_Normativos_Vigentes\05_TCE_PI\Resolucoes\Resolução TCE - n19.0 - 2024.pdf,C:\Users\thiagonogueira\OneDrive - mppi.mp.br\CLC\01_Processos_e_Aquisicoes\Base de Conhecimento - Thiago\05_Doutrina_e_Biblioteca\Biblioteca_Manuais_e_Cursos\Manuais\Manual IRB-Ibraop - Auditoria de Obras Publicas e Servicos de Engenharia (2018).pdf,c610f8e9bbbbcb6eb126a6e9d9603c8d
2026-10-06T07:57:56,mestra,C:\Users\thiagonogueira\OneDrive - mppi.mp.br\CLC\01_Processos_e_Aquisicoes\Base de Conhecimento - Thiago\01_Normativos_Vigentes\05_TCE_PI\Resolucoes\Resolução TCE - n19.0 - 2024.md,C:\Users\thiagonogueira\OneDrive - mppi.mp.br\CLC\01_Processos_e_Aquisicoes\Base de Conhecimento - Thiago\05_Doutrina_e_Biblioteca\Biblioteca_Manuais_e_Cursos\Manuais\Manual IRB-Ibraop - Auditoria de Obras Publicas e Servicos de Engenharia (2018).md,2869d76b4051200efa391ff71c1367c3
2026-10-06T07:57:56,clone,C:\Users\thiagonogueira\Dev\base-conhecimento-licitacoes\01_Normativos_Vigentes\05_TCE_PI\Resolucoes\Resolução TCE - n19.0 - 2024.pdf,C:\Users\thiagonogueira\Dev\base-conhecimento-licitacoes\05_Doutrina_e_Biblioteca\Biblioteca_Manuais_e_Cursos\Manuais\Manual IRB-Ibraop - Auditoria de Obras Publicas e Servicos de Engenharia (2018).pdf,c610f8e9bbbbcb6eb126a6e9d9603c8d
2026-10-06T07:57:56,clone,C:\Users\thiagonogueira\Dev\base-conhecimento-licitacoes\01_Normativos_Vigentes\05_TCE_PI\Resolucoes\Resolução TCE - n19.0 - 2024.md,C:\Users\thiagonogueira\Dev\base-conhecimento-licitacoes\05_Doutrina_e_Biblioteca\Biblioteca_Manuais_e_Cursos\Manuais\Manual IRB-Ibraop - Auditoria de Obras Publicas e Servicos de Engenharia (2018).md,2869d76b4051200efa391ff71c1367c3
2026-10-06T08:04:21,mestra,C:\Users\thiagonogueira\OneDrive - mppi.mp.br\CLC\01_Processos_e_Aquisicoes\Base de Conhecimento - Thiago\02_Jurisprudencia_e_Orientacoes\Acordaos_TCE_PI\Acórdão TCE - n3001 - 2025.pdf,C:\Users\thiagonogueira\OneDrive - mppi.mp.br\CLC\01_Processos_e_Aquisicoes\Base de Conhecimento - Thiago\02_Jurisprudencia_e_Orientacoes\Acordaos_TCE_PI\Acordao TCE-PI 300.2025 - 1a Camara - Irregularidades Pregao e Adesao ARP (DOE 152.2025).pdf,1a7acd9ae8cc6206ba91377d183f0fe8
2026-10-06T08:04:21,mestra,C:\Users\thiagonogueira\OneDrive - mppi.mp.br\CLC\01_Processos_e_Aquisicoes\Base de Conhecimento - Thiago\02_Jurisprudencia_e_Orientacoes\Acordaos_TCE_PI\Acórdão TCE - n3001 - 2025.md,C:\Users\thiagonogueira\OneDrive - mppi.mp.br\CLC\01_Processos_e_Aquisicoes\Base de Conhecimento - Thiago\02_Jurisprudencia_e_Orientacoes\Acordaos_TCE_PI\Acordao TCE-PI 300.2025 - 1a Camara - Irregularidades Pregao e Adesao ARP (DOE 152.2025).md,afba84f7063c28f78b0960c5e9143a69
2026-10-06T08:04:21,clone,C:\Users\thiagonogueira\Dev\base-conhecimento-licitacoes\02_Jurisprudencia_e_Orientacoes\Acordaos_TCE_PI\Acórdão TCE - n3001 - 2025.pdf,C:\Users\thiagonogueira\Dev\base-conhecimento-licitacoes\02_Jurisprudencia_e_Orientacoes\Acordaos_TCE_PI\Acordao TCE-PI 300.2025 - 1a Camara - Irregularidades Pregao e Adesao ARP (DOE 152.2025).pdf,1a7acd9ae8cc6206ba91377d183f0fe8
2026-10-06T08:04:21,clone,C:\Users\thiagonogueira\Dev\base-conhecimento-licitacoes\02_Jurisprudencia_e_Orientacoes\Acordaos_TCE_PI\Acórdão TCE - n3001 - 2025.md,C:\Users\thiagonogueira\Dev\base-conhecimento-licitacoes\02_Jurisprudencia_e_Orientacoes\Acordaos_TCE_PI\Acordao TCE-PI 300.2025 - 1a Camara - Irregularidades Pregao e Adesao ARP (DOE 152.2025).md,afba84f7063c28f78b0960c5e9143a69
2026-10-06T08:19:56,clone,C:\Users\thiagonogueira\Dev\base-conhecimento-licitacoes\01_Normativos_Vigentes\03_MPPI\Atos\Ato PGJ 1471.2025.pdf,C:\Users\thiagonogueira\Dev\base-conhecimento-licitacoes\01_Normativos_Vigentes\03_MPPI\Atos\Ato PGJ 1471.2025 - Altera Ato 823.2018 - Diretor de Sede como Agente Suprido.pdf,48d96e80cfcd568205e82ab6b361ebc2
2026-10-06T08:21:26,mestra,C:\Users\thiagonogueira\OneDrive - mppi.mp.br\CLC\01_Processos_e_Aquisicoes\Base de Conhecimento - Thiago\01_Normativos_Vigentes\03_MPPI\Ato PGJ 1471.2025 - Regulamenta Suprimento de Fundos MPPI.md,C:\Users\thiagonogueira\OneDrive - mppi.mp.br\CLC\01_Processos_e_Aquisicoes\Base de Conhecimento - Thiago\01_Normativos_Vigentes\03_MPPI\Atos\Ato PGJ 1471.2025 - Altera Ato 823.2018 - Diretor de Sede como Agente Suprido.md,1b9ba3fe9322eda449081fb13aad8185
2026-10-06T08:21:26,clone,C:\Users\thiagonogueira\Dev\base-conhecimento-licitacoes\01_Normativos_Vigentes\03_MPPI\Ato PGJ 1471.2025 - Regulamenta Suprimento de Fundos MPPI.md,C:\Users\thiagonogueira\Dev\base-conhecimento-licitacoes\01_Normativos_Vigentes\03_MPPI\Atos\Ato PGJ 1471.2025 - Altera Ato 823.2018 - Diretor de Sede como Agente Suprido.md,1b9ba3fe9322eda449081fb13aad8185
2026-10-06T08:50:35,clone,C:\Users\thiagonogueira\Dev\base-conhecimento-licitacoes\01_Normativos_Vigentes\03_MPPI\Atos\2014-06-ato-pgj-no-4792014.pdf,C:\Users\thiagonogueira\Dev\base-conhecimento-licitacoes\01_Normativos_Vigentes\03_MPPI\Atos\Ato PGJ 0479.2014 - Estrutura e Organizacao Administrativa do MPPI.pdf,b18e9eb41c8778649820df54d5fe2f31
2026-10-06T10:53:59,mestra,C:\Users\thiagonogueira\OneDrive - mppi.mp.br\CLC\01_Processos_e_Aquisicoes\Base de Conhecimento - Thiago\03_Modelos_e_Minutas\Modelos_MPPI_CLC\TAAP Thiago - TERMO DE ANÁLISE PRELIMINAR DO PLANEJAMENTO DA CONTRATAÇÃO.md,C:\Users\thiagonogueira\OneDrive - mppi.mp.br\CLC\01_Processos_e_Aquisicoes\Base de Conhecimento - Thiago\03_Modelos_e_Minutas\Modelos_MPPI_CLC\TAAP - TERMO DE ANÁLISE PRELIMINAR DO PLANEJAMENTO DA CONTRATAÇÃO.md,3c8f5a8648a9f4b330af789520689295
2026-10-06T10:53:59,clone,C:\Users\thiagonogueira\Dev\base-conhecimento-licitacoes\03_Modelos_e_Minutas\Modelos_MPPI_CLC\TAAP Thiago - TERMO DE ANÁLISE PRELIMINAR DO PLANEJAMENTO DA CONTRATAÇÃO.md,C:\Users\thiagonogueira\Dev\base-conhecimento-licitacoes\03_Modelos_e_Minutas\Modelos_MPPI_CLC\TAAP - TERMO DE ANÁLISE PRELIMINAR DO PLANEJAMENTO DA CONTRATAÇÃO.md,3c8f5a8648a9f4b330af789520689295
2026-10-06T10:53:59,mestra,C:\Users\thiagonogueira\OneDrive - mppi.mp.br\CLC\01_Processos_e_Aquisicoes\Base de Conhecimento - Thiago\03_Modelos_e_Minutas\Modelos_MPPI_CLC\TAPP_DIMPLANC_000_202X-X_Documento_modelo_Thiago.md,C:\Users\thiagonogueira\OneDrive - mppi.mp.br\CLC\01_Processos_e_Aquisicoes\Base de Conhecimento - Thiago\03_Modelos_e_Minutas\Modelos_MPPI_CLC\TAPP_DIMPLANC_000_202X-X_Documento_modelo.md,dca19d586abdbf06b22232d28894ecc3
2026-10-06T10:53:59,clone,C:\Users\thiagonogueira\Dev\base-conhecimento-licitacoes\03_Modelos_e_Minutas\Modelos_MPPI_CLC\TAPP_DIMPLANC_000_202X-X_Documento_modelo_Thiago.md,C:\Users\thiagonogueira\Dev\base-conhecimento-licitacoes\03_Modelos_e_Minutas\Modelos_MPPI_CLC\TAPP_DIMPLANC_000_202X-X_Documento_modelo.md,dca19d586abdbf06b22232d28894ecc3
2026-10-06T10:53:59,mestra,C:\Users\thiagonogueira\OneDrive - mppi.mp.br\CLC\01_Processos_e_Aquisicoes\Base de Conhecimento - Thiago\00_Ferramentas_e_Scripts_Analise\Roteiro Quesitos Thiago (Google).xlsx,C:\Users\thiagonogueira\OneDrive - mppi.mp.br\CLC\01_Processos_e_Aquisicoes\Base de Conhecimento - Thiago\00_Ferramentas_e_Scripts_Analise\Roteiro Quesitos (Google).xlsx,2aa9193ec88dafe976ef1e55074f8b7d
