quando,grupo,status,bytes,md5_antes,md5_depois,origem,destino
2026-10-04T22:40:18,A1,OK,388839,7cb454e22bfdb36ea22686b8febe4b9b,7cb454e22bfdb36ea22686b8febe4b9b,C:\Users\thiagonogueira\Downloads\resolucao-n-41-2023-alteradapela-resolucao-02-26-dispoesobre-a-elaboracao-de-estudos-tecnicos-preliminares-etp-e-de-termos-de-referencia-tr.pdf,C:\Users\thiagonogueira\OneDrive - mppi.mp.br\CLC\01_Processos_e_Aquisicoes\Base de Conhecimento - Thiago\01_Normativos_Vigentes\05_TCE_PI\Resolucoes\Resolução TCE-PI 041.2023 - ETP e TR (compilada com Res 02.2026).pdf
2026-10-04T22:40:18,A2,OK,152589,e076c06a336e122006abfb95805d525c,e076c06a336e122006abfb95805d525c,C:\Users\thiagonogueira\Downloads\resolucao-n-02-2026-elaboracao-de-estudos-tecnicos-preliminares-etp-e-de-termos-de-referencia-tr.pdf,C:\Users\thiagonogueira\OneDrive - mppi.mp.br\CLC\01_Processos_e_Aquisicoes\Base de Conhecimento - Thiago\01_Normativos_Vigentes\05_TCE_PI\Resolucoes\Resolução TCE-PI 002.2026 - Altera Res 41.2023 (ETP e TR).pdf
2026-10-04T22:40:18,A3,OK,315527,2d267e59ac177fba165909c9a9658710,2d267e59ac177fba165909c9a9658710,C:\Users\thiagonogueira\Downloads\controlador.php.pdf,C:\Users\thiagonogueira\OneDrive - mppi.mp.br\CLC\01_Processos_e_Aquisicoes\Base de Conhecimento - Thiago\01_Normativos_Vigentes\05_TCE_PI\Acordaos_Pareceres_Orientacoes\Acordao TCE-PI 394-A.2026 - Pleno - Consulta MPPI - Prorrogacao e Renovacao de Quantitativos de ARP.pdf
2026-10-04T22:40:18,A4,OK,421868,f9259afd12eb11349fc8dcf6d742ef88,f9259afd12eb11349fc8dcf6d742ef88,C:\Users\thiagonogueira\Downloads\supersapiens.agu.gov.br_apps_validacao-assinatura_1832378363.pdf,C:\Users\thiagonogueira\OneDrive - mppi.mp.br\CLC\01_Processos_e_Aquisicoes\Base de Conhecimento - Thiago\01_Normativos_Vigentes\01_Federal\Acordaos_Pareceres_Orientacoes\Federal - Parecer Referencial 00003.2025 CONJUR-EB-CGU-AGU - Inexigibilidade para Cursos e Pos-Graduacao.pdf
2026-10-04T22:40:18,A5,OK,224507,9380a3c63ba6406fca06e168f38f0bc3,9380a3c63ba6406fca06e168f38f0bc3,C:\Users\thiagonogueira\Downloads\resolucao-n-08-2026-resolucao_integridade_tce_pi.pdf,C:\Users\thiagonogueira\OneDrive - mppi.mp.br\CLC\01_Processos_e_Aquisicoes\Base de Conhecimento - Thiago\01_Normativos_Vigentes\05_TCE_PI\Resolucoes\Resolução TCE-PI 008.2026 - Sistema de Integridade do TCE-PI.pdf
2026-10-04T22:40:18,A6,OK,602768,889a38291aef07af04bed9204ca6e546,889a38291aef07af04bed9204ca6e546,C:\Users\thiagonogueira\Downloads\Arquivos_Referencia_CLC_Convertidos_MD\Proposta Ampliação Suprimento de Fundos\L4320.pdf,C:\Users\thiagonogueira\OneDrive - mppi.mp.br\CLC\01_Processos_e_Aquisicoes\Base de Conhecimento - Thiago\01_Normativos_Vigentes\01_Federal\Leis\Federal - Lei 4320.1964 - Normas Gerais de Direito Financeiro.pdf
2026-10-04T22:40:18,A7,OK,939054,6d6b462c05fd3ea491943ddaea706bd5,6d6b462c05fd3ea491943ddaea706bd5,C:\Users\thiagonogueira\Downloads\Arquivos_Referencia_CLC_Convertidos_MD\Proposta Ampliação Suprimento de Fundos\Lcp101.pdf,C:\Users\thiagonogueira\OneDrive - mppi.mp.br\CLC\01_Processos_e_Aquisicoes\Base de Conhecimento - Thiago\01_Normativos_Vigentes\01_Federal\Leis\Federal - Lei Complementar 101.2000 - Lei de Responsabilidade Fiscal.pdf
2026-10-04T22:40:18,A8,OK,123031,f04d229b20084c95443404eace627b6e,f04d229b20084c95443404eace627b6e,C:\Users\thiagonogueira\Downloads\Arquivos_Referencia_CLC_Convertidos_MD\Proposta Ampliação Suprimento de Fundos\ATO-PGJ-823-2018-com-alteracoes-1.pdf,C:\Users\thiagonogueira\OneDrive - mppi.mp.br\CLC\01_Processos_e_Aquisicoes\Base de Conhecimento - Thiago\01_Normativos_Vigentes\03_MPPI\Atos\Ato PGJ 0823.2018 - Atribuicoes do Diretor de Sede (com alteracoes).pdf
2026-10-04T22:40:18,A9,OK,166253,12b23f3a9d7504c45aa8f1ea5de56296,12b23f3a9d7504c45aa8f1ea5de56296,C:\Users\thiagonogueira\Downloads\Arquivos_Referencia_CLC_Convertidos_MD\Guia Lici\2026\Boletim_informativo_01_2026-1.pdf,C:\Users\thiagonogueira\OneDrive - mppi.mp.br\CLC\01_Processos_e_Aquisicoes\Base de Conhecimento - Thiago\02_Jurisprudencia_e_Orientacoes\Informativos_Guia_Lici\2026\Boletim_informativo_01_2026-1.pdf
2026-10-04T22:40:18,A9,OK,185863,2f86f994cefc05392bd3f0b1666349e9,2f86f994cefc05392bd3f0b1666349e9,C:\Users\thiagonogueira\Downloads\Arquivos_Referencia_CLC_Convertidos_MD\Guia Lici\2026\Boletim-informativo-02-2026.pdf,C:\Users\thiagonogueira\OneDrive - mppi.mp.br\CLC\01_Processos_e_Aquisicoes\Base de Conhecimento - Thiago\02_Jurisprudencia_e_Orientacoes\Informativos_Guia_Lici\2026\Boletim-informativo-02-2026.pdf
2026-10-04T22:40:18,A9,OK,166308,3ceb798ebfdfd6503c9baf09acdf71a1,3ceb798ebfdfd6503c9baf09acdf71a1,C:\Users\thiagonogueira\Downloads\Arquivos_Referencia_CLC_Convertidos_MD\Guia Lici\2026\Boletim-Informativo-03-2026-1.pdf,C:\Users\thiagonogueira\OneDrive - mppi.mp.br\CLC\01_Processos_e_Aquisicoes\Base de Conhecimento - Thiago\02_Jurisprudencia_e_Orientacoes\Informativos_Guia_Lici\2026\Boletim-Informativo-03-2026-1.pdf
2026-10-04T22:40:18,A9,OK,164402,dee940c42efe2eca735d18ab25faf34c,dee940c42efe2eca735d18ab25faf34c,C:\Users\thiagonogueira\Downloads\Arquivos_Referencia_CLC_Convertidos_MD\Guia Lici\2026\Boletim-informativo-04-2026-1.pdf,C:\Users\thiagonogueira\OneDrive - mppi.mp.br\CLC\01_Processos_e_Aquisicoes\Base de Conhecimento - Thiago\02_Jurisprudencia_e_Orientacoes\Informativos_Guia_Lici\2026\Boletim-informativo-04-2026-1.pdf
2026-10-04T22:40:19,A9,OK,168296,27d553ef6b3e8ef04249998e09d9af6f,27d553ef6b3e8ef04249998e09d9af6f,C:\Users\thiagonogueira\Downloads\Arquivos_Referencia_CLC_Convertidos_MD\Guia Lici\2026\Boletim-informativo-05-2026-1.pdf,C:\Users\thiagonogueira\OneDrive - mppi.mp.br\CLC\01_Processos_e_Aquisicoes\Base de Conhecimento - Thiago\02_Jurisprudencia_e_Orientacoes\Informativos_Guia_Lici\2026\Boletim-informativo-05-2026-1.pdf
2026-10-04T22:40:19,A9,OK,914269,6101a608cd98d7e50ac0cbe449f87db6,6101a608cd98d7e50ac0cbe449f87db6,C:\Users\thiagonogueira\Downloads\Arquivos_Referencia_CLC_Convertidos_MD\Guia Lici\2026\Boletim_informativo_06_2026.pdf,C:\Users\thiagonogueira\OneDrive - mppi.mp.br\CLC\01_Processos_e_Aquisicoes\Base de Conhecimento - Thiago\02_Jurisprudencia_e_Orientacoes\Informativos_Guia_Lici\2026\Boletim_informativo_06_2026.pdf
2026-10-04T22:40:19,A9,OK,70141,3efc236eb6f275dc27c02adeb96c6374,3efc236eb6f275dc27c02adeb96c6374,C:\Users\thiagonogueira\Downloads\Arquivos_Referencia_CLC_Convertidos_MD\Guia Lici\2026\Boletim-informativo-07-2026-1.pdf,C:\Users\thiagonogueira\OneDrive - mppi.mp.br\CLC\01_Processos_e_Aquisicoes\Base de Conhecimento - Thiago\02_Jurisprudencia_e_Orientacoes\Informativos_Guia_Lici\2026\Boletim-informativo-07-2026-1.pdf
2026-10-04T22:40:19,A9,OK,378373,bf8d0a77852848c427e23177d0e949ff,bf8d0a77852848c427e23177d0e949ff,C:\Users\thiagonogueira\Downloads\Arquivos_Referencia_CLC_Convertidos_MD\Guia Lici\2026\Boletim-informativo-082026.pdf,C:\Users\thiagonogueira\OneDrive - mppi.mp.br\CLC\01_Processos_e_Aquisicoes\Base de Conhecimento - Thiago\02_Jurisprudencia_e_Orientacoes\Informativos_Guia_Lici\2026\Boletim-informativo-082026.pdf
2026-10-04T22:40:19,A9,OK,149193,b42686ba4ba4cc4bc8f1eff1b6c590c8,b42686ba4ba4cc4bc8f1eff1b6c590c8,C:\Users\thiagonogueira\Downloads\Arquivos_Referencia_CLC_Convertidos_MD\Guia Lici\2026\Boletim-informativo-092026.pdf,C:\Users\thiagonogueira\OneDrive - mppi.mp.br\CLC\01_Processos_e_Aquisicoes\Base de Conhecimento - Thiago\02_Jurisprudencia_e_Orientacoes\Informativos_Guia_Lici\2026\Boletim-informativo-092026.pdf
2026-10-04T22:40:19,A9,OK,168388,6815b2b431b394e955c639652a407f22,6815b2b431b394e955c639652a407f22,C:\Users\thiagonogueira\Downloads\Arquivos_Referencia_CLC_Convertidos_MD\Guia Lici\2026\Boletim-informativo-10-2026.pdf,C:\Users\thiagonogueira\OneDrive - mppi.mp.br\CLC\01_Processos_e_Aquisicoes\Base de Conhecimento - Thiago\02_Jurisprudencia_e_Orientacoes\Informativos_Guia_Lici\2026\Boletim-informativo-10-2026.pdf
2026-10-04T22:40:19,A9,OK,158775,fac16600341b17e37b80a0bdbf40b59d,fac16600341b17e37b80a0bdbf40b59d,C:\Users\thiagonogueira\Downloads\Arquivos_Referencia_CLC_Convertidos_MD\Guia Lici\2026\Boletim-Informativo-112026.pdf,C:\Users\thiagonogueira\OneDrive - mppi.mp.br\CLC\01_Processos_e_Aquisicoes\Base de Conhecimento - Thiago\02_Jurisprudencia_e_Orientacoes\Informativos_Guia_Lici\2026\Boletim-Informativo-112026.pdf
2026-10-04T22:40:19,A9,OK,154966,6645baf578e66c0221fea6caf3aa8c7d,6645baf578e66c0221fea6caf3aa8c7d,C:\Users\thiagonogueira\Downloads\Arquivos_Referencia_CLC_Convertidos_MD\Guia Lici\2026\Boletim-informativo-12-2026.pdf,C:\Users\thiagonogueira\OneDrive - mppi.mp.br\CLC\01_Processos_e_Aquisicoes\Base de Conhecimento - Thiago\02_Jurisprudencia_e_Orientacoes\Informativos_Guia_Lici\2026\Boletim-informativo-12-2026.pdf
2026-10-04T22:40:19,A9,OK,194862,46499a0ebf5870dd0cd9512b6a7d03d3,46499a0ebf5870dd0cd9512b6a7d03d3,C:\Users\thiagonogueira\Downloads\Arquivos_Referencia_CLC_Convertidos_MD\Guia Lici\2026\Boletim-informativo-13_2026.pdf,C:\Users\thiagonogueira\OneDrive - mppi.mp.br\CLC\01_Processos_e_Aquisicoes\Base de Conhecimento - Thiago\02_Jurisprudencia_e_Orientacoes\Informativos_Guia_Lici\2026\Boletim-informativo-13_2026.pdf
2026-10-05T09:03:53,B1,OK,16582,4da85b5ff57908be649f791edc1bd06b,4da85b5ff57908be649f791edc1bd06b,C:\Users\thiagonogueira\Downloads\Arquivos_Referencia_CLC_Convertidos_MD\TAPP Dispensa\Nota_Tecnica_Revisao_TAPP-D.docx,C:\Users\thiagonogueira\OneDrive - mppi.mp.br\CLC\01_Processos_e_Aquisicoes\Base de Conhecimento - Thiago\03_Modelos_e_Minutas\Modelos_MPPI_CLC\TAPP-D - Nota Tecnica de Revisao da Minuta (02.09.2026).docx
2026-10-05T09:03:54,B2,OK,119812,860932f2be9f635c4ec7ec3d74e94411,860932f2be9f635c4ec7ec3d74e94411,C:\Users\thiagonogueira\Downloads\Arquivos_Referencia_CLC_Convertidos_MD\TAPP Dispensa\Diagnostico Matriz Notas TAPP Dispensa.pdf,C:\Users\thiagonogueira\OneDrive - mppi.mp.br\CLC\01_Processos_e_Aquisicoes\Base de Conhecimento - Thiago\03_Modelos_e_Minutas\Modelos_MPPI_CLC\TAPP-D - Diagnostico e Matriz de Notas (02.09.2026).pdf
2026-10-05T09:03:54,B3,OK,115183,79106b65e84b41a6f50e798ae6c60bf5,79106b65e84b41a6f50e798ae6c60bf5,C:\Users\thiagonogueira\Downloads\Arquivos_Referencia_CLC_Convertidos_MD\Revisão de POP's\POP - CONTRATAÇÃO POR DISPENSA DE LICITAÇÃO - Revisão Thiago.docx,"C:\Users\thiagonogueira\OneDrive - mppi.mp.br\CLC\01_Processos_e_Aquisicoes\Base de Conhecimento - Thiago\01_Normativos_Vigentes\04_CNMP\POP's Contratação Direta\POP - Contratacao por Dispensa de Licitacao (POP-CLC-02, rev. 05.02.2025).docx"
2026-10-05T09:03:54,B3,OK,425737,7a835c1a02d809f0e44f1a18ad9daa3a,7a835c1a02d809f0e44f1a18ad9daa3a,C:\Users\thiagonogueira\Downloads\Arquivos_Referencia_CLC_Convertidos_MD\Revisão de POP's\Contratação por Ata de registro de preços próprio - Revisão Thiago.pdf,"C:\Users\thiagonogueira\OneDrive - mppi.mp.br\CLC\01_Processos_e_Aquisicoes\Base de Conhecimento - Thiago\01_Normativos_Vigentes\04_CNMP\POP's Contratação Direta\POP - Contratacao por ARP Propria (POP-CLC-05, rev. 05.02.2025).pdf"
2026-10-05T09:03:54,B4,OK,113598,0a5cb0ecee81518de2155f7a967d2ec3,0a5cb0ecee81518de2155f7a967d2ec3,C:\Users\thiagonogueira\Downloads\Arquivos_Referencia_CLC_Convertidos_MD\POP - Contratação por inexigibilidade- locação de imóveis (1).docx,C:\Users\thiagonogueira\OneDrive - mppi.mp.br\CLC\01_Processos_e_Aquisicoes\Base de Conhecimento - Thiago\01_Normativos_Vigentes\04_CNMP\POP's Contratação Direta\POP - Inexigibilidade - Locacao de Imoveis (POP-CLC-08).docx
2026-10-05T09:03:54,B5,OK,29806,2f766678bdb6242943cd89a86475f762,2f766678bdb6242943cd89a86475f762,C:\Users\thiagonogueira\Downloads\Arquivos_Referencia_CLC_Convertidos_MD\Roteiros - Checkbox\Roteiro - Dispensa sem Disputa.docx,C:\Users\thiagonogueira\OneDrive - mppi.mp.br\CLC\01_Processos_e_Aquisicoes\Base de Conhecimento - Thiago\03_Modelos_e_Minutas\Modelos_MPPI_CLC\Roteiros_CLC\Roteiro - Dispensa sem Disputa.docx
2026-10-05T09:03:54,B5,OK,29486,a4eff1d6ee05c378bf296fa203c73216,a4eff1d6ee05c378bf296fa203c73216,C:\Users\thiagonogueira\Downloads\Arquivos_Referencia_CLC_Convertidos_MD\Roteiros - Checkbox\Roteiro - Inexigibilidade.docx,C:\Users\thiagonogueira\OneDrive - mppi.mp.br\CLC\01_Processos_e_Aquisicoes\Base de Conhecimento - Thiago\03_Modelos_e_Minutas\Modelos_MPPI_CLC\Roteiros_CLC\Roteiro - Inexigibilidade.docx
2026-10-05T09:03:54,B5,OK,20835,884fca99f82e4a393a440769416cf87a,884fca99f82e4a393a440769416cf87a,C:\Users\thiagonogueira\Downloads\Arquivos_Referencia_CLC_Convertidos_MD\Roteiros - Checkbox\Roteiro Checkbox - Contratação ARP.docx,C:\Users\thiagonogueira\OneDrive - mppi.mp.br\CLC\01_Processos_e_Aquisicoes\Base de Conhecimento - Thiago\03_Modelos_e_Minutas\Modelos_MPPI_CLC\Roteiros_CLC\Roteiro - Contratacao por ARP.docx
2026-10-05T09:03:54,B5,OK,22004,7a518e31001961dc491b79d335e54415,7a518e31001961dc491b79d335e54415,C:\Users\thiagonogueira\Downloads\Arquivos_Referencia_CLC_Convertidos_MD\Roteiros - Checkbox\Roteiro Checkbox - Dispensa Eletrônica.docx,C:\Users\thiagonogueira\OneDrive - mppi.mp.br\CLC\01_Processos_e_Aquisicoes\Base de Conhecimento - Thiago\03_Modelos_e_Minutas\Modelos_MPPI_CLC\Roteiros_CLC\Roteiro - Dispensa Eletronica.docx
2026-10-05T09:03:54,B5,OK,13117,324d1311dd6492e7702ad24e86df8785,324d1311dd6492e7702ad24e86df8785,C:\Users\thiagonogueira\Downloads\Arquivos_Referencia_CLC_Convertidos_MD\Roteiros - Checkbox\Roteiro Dispensa.docx,C:\Users\thiagonogueira\OneDrive - mppi.mp.br\CLC\01_Processos_e_Aquisicoes\Base de Conhecimento - Thiago\03_Modelos_e_Minutas\Modelos_MPPI_CLC\Roteiros_CLC\Roteiro - Dispensa (lista de documentos 2024).docx
2026-10-05T09:03:54,B5,OK,21697,de53c78a729f0cbb691fd09c18ff1c77,de53c78a729f0cbb691fd09c18ff1c77,C:\Users\thiagonogueira\Downloads\Arquivos_Referencia_CLC_Convertidos_MD\Roteiros - Checkbox\Roteiro Liberação ATA.docx,C:\Users\thiagonogueira\OneDrive - mppi.mp.br\CLC\01_Processos_e_Aquisicoes\Base de Conhecimento - Thiago\03_Modelos_e_Minutas\Modelos_MPPI_CLC\Roteiros_CLC\Roteiro - Liberacao de ARP para Adesao.docx
2026-10-05T09:03:54,B5,OK,210702,787471e472871f58fb9e200620540829,787471e472871f58fb9e200620540829,C:\Users\thiagonogueira\Downloads\Arquivos_Referencia_CLC_Convertidos_MD\Roteiros - Checkbox\Roteiro para adesão ARP.docx,C:\Users\thiagonogueira\OneDrive - mppi.mp.br\CLC\01_Processos_e_Aquisicoes\Base de Conhecimento - Thiago\03_Modelos_e_Minutas\Modelos_MPPI_CLC\Roteiros_CLC\Roteiro - Adesao a ARP no Compras.gov.docx
2026-10-05T09:03:54,B6,OK,27930,b109840fc72b9cada77972167eb96dd7,b109840fc72b9cada77972167eb96dd7,C:\Users\thiagonogueira\Downloads\Arquivos_Referencia_CLC_Convertidos_MD\Glossário de mensagens  - Sessão Pregões.docx,C:\Users\thiagonogueira\OneDrive - mppi.mp.br\CLC\01_Processos_e_Aquisicoes\Base de Conhecimento - Thiago\03_Modelos_e_Minutas\Modelos_MPPI_CLC\Glossario de Mensagens - Sessao Publica de Pregao.docx
2026-10-05T09:03:54,B7,OK,118947,bfca7625c6aa88f7c08c8c9c459baece,bfca7625c6aa88f7c08c8c9c459baece,C:\Users\thiagonogueira\Downloads\Arquivos_Referencia_CLC_Convertidos_MD\Roteiros - Publicações\Publicação de Contrato - Site MPPI.docx,C:\Users\thiagonogueira\OneDrive - mppi.mp.br\CLC\01_Processos_e_Aquisicoes\Base de Conhecimento - Thiago\03_Modelos_e_Minutas\Modelos_MPPI_CLC\Roteiros_CLC\Roteiro - Publicacao de Contrato no Site do MPPI.docx
2026-10-05T09:03:54,B8,OK,36307,fcffe301ddf4c2f5868d8866137fc574,fcffe301ddf4c2f5868d8866137fc574,C:\Users\thiagonogueira\Downloads\Arquivos_Referencia_CLC_Convertidos_MD\Banco de Prompts\Prompt Revisor para Análise do TR.docx,C:\Users\thiagonogueira\OneDrive - mppi.mp.br\CLC\01_Processos_e_Aquisicoes\Base de Conhecimento - Thiago\00_Ferramentas_e_Scripts_Analise\Banco_de_Prompts\Prompt Revisor - TR.docx
2026-10-05T09:03:54,B8,OK,33366,334096c8a84e3d33ea7a79db5736f9c6,334096c8a84e3d33ea7a79db5736f9c6,C:\Users\thiagonogueira\Downloads\Arquivos_Referencia_CLC_Convertidos_MD\Banco de Prompts\Prompt Revisor - Análise TR - Quesitos Por Artigo.docx,C:\Users\thiagonogueira\OneDrive - mppi.mp.br\CLC\01_Processos_e_Aquisicoes\Base de Conhecimento - Thiago\00_Ferramentas_e_Scripts_Analise\Banco_de_Prompts\Prompt Revisor - TR - Quesitos por Artigo.docx
2026-10-05T09:03:54,B8,OK,32422,3f22d84d7993003cae6905e3d2afb372,3f22d84d7993003cae6905e3d2afb372,C:\Users\thiagonogueira\Downloads\Arquivos_Referencia_CLC_Convertidos_MD\Banco de Prompts\Prompt Revisor para Análise do ETP.docx,C:\Users\thiagonogueira\OneDrive - mppi.mp.br\CLC\01_Processos_e_Aquisicoes\Base de Conhecimento - Thiago\00_Ferramentas_e_Scripts_Analise\Banco_de_Prompts\Prompt Revisor - ETP.docx
2026-10-05T09:03:54,B8,OK,24686,dd582cdd408d8a30c88a54730f91ecc6,dd582cdd408d8a30c88a54730f91ecc6,C:\Users\thiagonogueira\Downloads\Arquivos_Referencia_CLC_Convertidos_MD\Banco de Prompts\Prompt Revisor para Análise do DFD.docx,C:\Users\thiagonogueira\OneDrive - mppi.mp.br\CLC\01_Processos_e_Aquisicoes\Base de Conhecimento - Thiago\00_Ferramentas_e_Scripts_Analise\Banco_de_Prompts\Prompt Revisor - DFD.docx
2026-10-05T09:03:54,B8,OK,24100,2ce48b853e805fa40d3e4cdb150b97ff,2ce48b853e805fa40d3e4cdb150b97ff,C:\Users\thiagonogueira\Downloads\Arquivos_Referencia_CLC_Convertidos_MD\Banco de Prompts\Prompts contratação direta.docx,C:\Users\thiagonogueira\OneDrive - mppi.mp.br\CLC\01_Processos_e_Aquisicoes\Base de Conhecimento - Thiago\00_Ferramentas_e_Scripts_Analise\Banco_de_Prompts\Prompts - Contratacao Direta (art. 72).docx
2026-10-05T09:03:54,B8,OK,13510,a3f623ca7fe89aa1aaf46c40a9269675,a3f623ca7fe89aa1aaf46c40a9269675,C:\Users\thiagonogueira\Downloads\Arquivos_Referencia_CLC_Convertidos_MD\Banco de Prompts\Prompts - Notebook LM.docx,C:\Users\thiagonogueira\OneDrive - mppi.mp.br\CLC\01_Processos_e_Aquisicoes\Base de Conhecimento - Thiago\00_Ferramentas_e_Scripts_Analise\Banco_de_Prompts\Prompts - Notebook LM.docx
2026-10-05T09:03:54,B8,OK,22154,50030cf36b8a28c2fa3893b6a647fb2e,50030cf36b8a28c2fa3893b6a647fb2e,C:\Users\thiagonogueira\Downloads\Arquivos_Referencia_CLC_Convertidos_MD\Banco de Prompts\Apresentação e Descrição do Cenário.docx,C:\Users\thiagonogueira\OneDrive - mppi.mp.br\CLC\01_Processos_e_Aquisicoes\Base de Conhecimento - Thiago\00_Ferramentas_e_Scripts_Analise\Banco_de_Prompts\Prompts - Apresentacao e Descricao do Cenario.docx
2026-10-05T09:03:54,B8,OK,26552,1310040d3657ef5b55f8ec2871a99c2c,1310040d3657ef5b55f8ec2871a99c2c,C:\Users\thiagonogueira\Downloads\Arquivos_Referencia_CLC_Convertidos_MD\Banco de Prompts\Temporário.docx,C:\Users\thiagonogueira\OneDrive - mppi.mp.br\CLC\01_Processos_e_Aquisicoes\Base de Conhecimento - Thiago\00_Ferramentas_e_Scripts_Analise\Banco_de_Prompts\Checklist Detalhado do TR (rascunho).docx
2026-10-05T09:03:54,B10,OK,2302495,2d4c4280cd5911a658ea92a9da831c89,2d4c4280cd5911a658ea92a9da831c89,"C:\Users\thiagonogueira\Downloads\Arquivos_Referencia_CLC_Convertidos_MD\Base Legal CLC - Atualizada Maio.2026\03_Modelos_e_Minutas\Modelos_MPPE\TAPP DIMPLANC 004_2025-0 (AMCS) - Contratação de empresa gráfica para impressão de materiais de comunicação, educativos e informativos para diversas áreas do MPPEa e manute.docx",C:\Users\thiagonogueira\OneDrive - mppi.mp.br\CLC\01_Processos_e_Aquisicoes\Base de Conhecimento - Thiago\03_Modelos_e_Minutas\Modelos_MPPE\TAPP DIMPLANC 004_2025-0 (AMCS) - Empresa Grafica - MPPE.docx
2026-10-05T09:03:55,B10,OK,2301145,873186251485a964c31176e5dfe06f28,873186251485a964c31176e5dfe06f28,"C:\Users\thiagonogueira\Downloads\Arquivos_Referencia_CLC_Convertidos_MD\Base Legal CLC - Atualizada Maio.2026\03_Modelos_e_Minutas\Modelos_MPPE\TAPP DIMPLANC 004_2025-1 (AMCS) - Contratação de empresa gráfica para impressão de materiais de comunicação, educativos e informativos para diversas áreas do MPPEa e manute.docx",C:\Users\thiagonogueira\OneDrive - mppi.mp.br\CLC\01_Processos_e_Aquisicoes\Base de Conhecimento - Thiago\03_Modelos_e_Minutas\Modelos_MPPE\TAPP DIMPLANC 004_2025-1 (AMCS) - Empresa Grafica - MPPE.docx
2026-10-05T10:05:16,C2,OK,647117,ac9fdf5f25aaadc1589803fe4b78f3b3,ac9fdf5f25aaadc1589803fe4b78f3b3,C:\Users\thiagonogueira\Downloads\Arquivos_Referencia_CLC_Convertidos_MD\Proposta Ampliação Suprimento de Fundos\32-Custos de uma licitação - NP.pdf,C:\Users\thiagonogueira\OneDrive - mppi.mp.br\CLC\01_Processos_e_Aquisicoes\Base de Conhecimento - Thiago\05_Doutrina_e_Biblioteca\Suprimento_de_Fundos\32-Custos de uma licitação - NP.pdf
2026-10-05T10:05:16,C2,OK,4813968,3f44f731c5ff54fe557959d4e2ff3c23,3f44f731c5ff54fe557959d4e2ff3c23,C:\Users\thiagonogueira\Downloads\Arquivos_Referencia_CLC_Convertidos_MD\Proposta Ampliação Suprimento de Fundos\34_suprimento_de_fundos_2ed.pdf,C:\Users\thiagonogueira\OneDrive - mppi.mp.br\CLC\01_Processos_e_Aquisicoes\Base de Conhecimento - Thiago\05_Doutrina_e_Biblioteca\Suprimento_de_Fundos\34_suprimento_de_fundos_2ed.pdf
2026-10-05T10:05:16,C2,OK,652835,490fd5b58172ed4c3f8b3a420ec1f67e,490fd5b58172ed4c3f8b3a420ec1f67e,C:\Users\thiagonogueira\Downloads\Arquivos_Referencia_CLC_Convertidos_MD\Proposta Ampliação Suprimento de Fundos\68_Texto_do_artigo_318_2_10_20200915.pdf,C:\Users\thiagonogueira\OneDrive - mppi.mp.br\CLC\01_Processos_e_Aquisicoes\Base de Conhecimento - Thiago\05_Doutrina_e_Biblioteca\Suprimento_de_Fundos\68_Texto_do_artigo_318_2_10_20200915.pdf
2026-10-05T10:05:16,C2,OK,336658,60f5366733da8e96019b8ede029e0f24,60f5366733da8e96019b8ede029e0f24,C:\Users\thiagonogueira\Downloads\Arquivos_Referencia_CLC_Convertidos_MD\Proposta Ampliação Suprimento de Fundos\Carlos Vinicius de Souza Motta.pdf,C:\Users\thiagonogueira\OneDrive - mppi.mp.br\CLC\01_Processos_e_Aquisicoes\Base de Conhecimento - Thiago\05_Doutrina_e_Biblioteca\Suprimento_de_Fundos\Carlos Vinicius de Souza Motta.pdf
2026-10-05T10:05:16,C2,OK,1119823,9218b9c45ea9ad2cda66f1a1666085bc,9218b9c45ea9ad2cda66f1a1666085bc,C:\Users\thiagonogueira\Downloads\Arquivos_Referencia_CLC_Convertidos_MD\Proposta Ampliação Suprimento de Fundos\CGU - GuiaSuprimento.pdf,C:\Users\thiagonogueira\OneDrive - mppi.mp.br\CLC\01_Processos_e_Aquisicoes\Base de Conhecimento - Thiago\05_Doutrina_e_Biblioteca\Suprimento_de_Fundos\CGU - GuiaSuprimento.pdf
2026-10-05T10:05:16,C2,OK,322329,8557c416e0e8f718e3a0925b726149c8,8557c416e0e8f718e3a0925b726149c8,C:\Users\thiagonogueira\Downloads\Arquivos_Referencia_CLC_Convertidos_MD\Proposta Ampliação Suprimento de Fundos\CONGRESSO CUSTOS 2013.pdf,C:\Users\thiagonogueira\OneDrive - mppi.mp.br\CLC\01_Processos_e_Aquisicoes\Base de Conhecimento - Thiago\05_Doutrina_e_Biblioteca\Suprimento_de_Fundos\CONGRESSO CUSTOS 2013.pdf
2026-10-05T10:05:16,C2,OK,287261,2c8eb80f661acafe40c8336b84b5d32d,2c8eb80f661acafe40c8336b84b5d32d,C:\Users\thiagonogueira\Downloads\Arquivos_Referencia_CLC_Convertidos_MD\Proposta Ampliação Suprimento de Fundos\CONGRESSO CUSTOS 2015.pdf,C:\Users\thiagonogueira\OneDrive - mppi.mp.br\CLC\01_Processos_e_Aquisicoes\Base de Conhecimento - Thiago\05_Doutrina_e_Biblioteca\Suprimento_de_Fundos\CONGRESSO CUSTOS 2015.pdf
2026-10-05T10:05:16,C2,OK,1060836,7ce4e0fc98ca793bc32cc61bb8dc0584,7ce4e0fc98ca793bc32cc61bb8dc0584,C:\Users\thiagonogueira\Downloads\Arquivos_Referencia_CLC_Convertidos_MD\Proposta Ampliação Suprimento de Fundos\CUSTO LICITAÇÃO - CONGRESSO UFSC.pdf,C:\Users\thiagonogueira\OneDrive - mppi.mp.br\CLC\01_Processos_e_Aquisicoes\Base de Conhecimento - Thiago\05_Doutrina_e_Biblioteca\Suprimento_de_Fundos\CUSTO LICITAÇÃO - CONGRESSO UFSC.pdf
2026-10-05T10:05:16,C2,OK,74515,d28eeed87ab10fe04a61ba2387335eb2,d28eeed87ab10fe04a61ba2387335eb2,C:\Users\thiagonogueira\Downloads\Arquivos_Referencia_CLC_Convertidos_MD\Proposta Ampliação Suprimento de Fundos\INSTRUCAO NORMATIVA N_ CCI 001-2011 DIARIAS E ADIANTAMENTOS.doc,C:\Users\thiagonogueira\OneDrive - mppi.mp.br\CLC\01_Processos_e_Aquisicoes\Base de Conhecimento - Thiago\05_Doutrina_e_Biblioteca\Suprimento_de_Fundos\INSTRUCAO NORMATIVA N_ CCI 001-2011 DIARIAS E ADIANTAMENTOS.doc
2026-10-05T10:05:16,C2,OK,1671910,6ce5122fbe918e864a7f3b10dd8c539b,6ce5122fbe918e864a7f3b10dd8c539b,C:\Users\thiagonogueira\Downloads\Arquivos_Referencia_CLC_Convertidos_MD\Proposta Ampliação Suprimento de Fundos\MANUAL-DE-ADIANTAMENTO-DO-MP-BA_3a-Edicao_Junho2022.pdf,C:\Users\thiagonogueira\OneDrive - mppi.mp.br\CLC\01_Processos_e_Aquisicoes\Base de Conhecimento - Thiago\05_Doutrina_e_Biblioteca\Suprimento_de_Fundos\MANUAL-DE-ADIANTAMENTO-DO-MP-BA_3a-Edicao_Junho2022.pdf
2026-10-05T10:05:16,C2,OK,766255,7cd437423ec94dcc1a6252303401e9f9,7cd437423ec94dcc1a6252303401e9f9,C:\Users\thiagonogueira\Downloads\Arquivos_Referencia_CLC_Convertidos_MD\Proposta Ampliação Suprimento de Fundos\manual_fundo_rotativo_3.pdf,C:\Users\thiagonogueira\OneDrive - mppi.mp.br\CLC\01_Processos_e_Aquisicoes\Base de Conhecimento - Thiago\05_Doutrina_e_Biblioteca\Suprimento_de_Fundos\manual_fundo_rotativo_3.pdf
2026-10-05T10:05:16,C2,OK,177525,63981976ae000d45a8c9ffae3fb93ca3,63981976ae000d45a8c9ffae3fb93ca3,C:\Users\thiagonogueira\Downloads\Arquivos_Referencia_CLC_Convertidos_MD\Proposta Ampliação Suprimento de Fundos\MPES - Portaria-n-7.843-de-22-outubro-de-2015-Suprimentos-de-Fundos.pdf,C:\Users\thiagonogueira\OneDrive - mppi.mp.br\CLC\01_Processos_e_Aquisicoes\Base de Conhecimento - Thiago\05_Doutrina_e_Biblioteca\Suprimento_de_Fundos\MPES - Portaria-n-7.843-de-22-outubro-de-2015-Suprimentos-de-Fundos.pdf
2026-10-05T10:05:16,C2,OK,103835,489fcd1cf7bf5b2ae2897ed7af485190,489fcd1cf7bf5b2ae2897ed7af485190,C:\Users\thiagonogueira\Downloads\Arquivos_Referencia_CLC_Convertidos_MD\Proposta Ampliação Suprimento de Fundos\MPMG - 1-1-D646-39-res_pgj_01_2024 _repub.pdf,C:\Users\thiagonogueira\OneDrive - mppi.mp.br\CLC\01_Processos_e_Aquisicoes\Base de Conhecimento - Thiago\05_Doutrina_e_Biblioteca\Suprimento_de_Fundos\MPMG - 1-1-D646-39-res_pgj_01_2024 _repub.pdf
2026-10-05T10:05:16,C2,OK,573213,086c324a410f7c447b86c2615641f712,086c324a410f7c447b86c2615641f712,C:\Users\thiagonogueira\Downloads\Arquivos_Referencia_CLC_Convertidos_MD\Proposta Ampliação Suprimento de Fundos\MPRJ - guiarapido_atualizado20_07_21.pdf,C:\Users\thiagonogueira\OneDrive - mppi.mp.br\CLC\01_Processos_e_Aquisicoes\Base de Conhecimento - Thiago\05_Doutrina_e_Biblioteca\Suprimento_de_Fundos\MPRJ - guiarapido_atualizado20_07_21.pdf
2026-10-05T10:05:16,C2,OK,4800141,bf56c247c6439239e4a86dc8443ae93a,bf56c247c6439239e4a86dc8443ae93a,C:\Users\thiagonogueira\Downloads\Arquivos_Referencia_CLC_Convertidos_MD\Proposta Ampliação Suprimento de Fundos\QUANTO CUSTA UMA LICITAÇÃO - 2014.pdf,C:\Users\thiagonogueira\OneDrive - mppi.mp.br\CLC\01_Processos_e_Aquisicoes\Base de Conhecimento - Thiago\05_Doutrina_e_Biblioteca\Suprimento_de_Fundos\QUANTO CUSTA UMA LICITAÇÃO - 2014.pdf
2026-10-05T10:05:17,C2,OK,672703,1acf247e53db18df59f33a2a29920a8e,1acf247e53db18df59f33a2a29920a8e,C:\Users\thiagonogueira\Downloads\Arquivos_Referencia_CLC_Convertidos_MD\Proposta Ampliação Suprimento de Fundos\Raquel Pereira Alves.pdf,C:\Users\thiagonogueira\OneDrive - mppi.mp.br\CLC\01_Processos_e_Aquisicoes\Base de Conhecimento - Thiago\05_Doutrina_e_Biblioteca\Suprimento_de_Fundos\Raquel Pereira Alves.pdf
2026-10-05T10:05:17,C2,OK,789704,35df5d1874e6f6d58f0b676e0e46d23f,35df5d1874e6f6d58f0b676e0e46d23f,C:\Users\thiagonogueira\Downloads\Arquivos_Referencia_CLC_Convertidos_MD\Proposta Ampliação Suprimento de Fundos\RT 12 - Levantamento de custos - consolidação de todos os órgãos.pdf,C:\Users\thiagonogueira\OneDrive - mppi.mp.br\CLC\01_Processos_e_Aquisicoes\Base de Conhecimento - Thiago\05_Doutrina_e_Biblioteca\Suprimento_de_Fundos\RT 12 - Levantamento de custos - consolidação de todos os órgãos.pdf
2026-10-05T10:05:17,C2,OK,6118644,8d5d3e10a5aeaa8401959584b2779d84,8d5d3e10a5aeaa8401959584b2779d84,C:\Users\thiagonogueira\Downloads\Arquivos_Referencia_CLC_Convertidos_MD\Proposta Ampliação Suprimento de Fundos\Você sabe quanto custa uma licitação_.pdf,C:\Users\thiagonogueira\OneDrive - mppi.mp.br\CLC\01_Processos_e_Aquisicoes\Base de Conhecimento - Thiago\05_Doutrina_e_Biblioteca\Suprimento_de_Fundos\Você sabe quanto custa uma licitação_.pdf
2026-10-05T10:05:17,C2,OK,478844,1067c75e164af80db4f83e710451f0f9,1067c75e164af80db4f83e710451f0f9,C:\Users\thiagonogueira\Downloads\Arquivos_Referencia_CLC_Convertidos_MD\Proposta Ampliação Suprimento de Fundos\lei complementar 13.94 - servidores cvis.pdf,C:\Users\thiagonogueira\OneDrive - mppi.mp.br\CLC\01_Processos_e_Aquisicoes\Base de Conhecimento - Thiago\01_Normativos_Vigentes\02_Estadual_PI\Leis\lei complementar 13.94 - servidores cvis.pdf
2026-10-05T10:05:17,C2,OK,7985481,c45fe32e2970769f3ad1c8fe96b1358d,c45fe32e2970769f3ad1c8fe96b1358d,C:\Users\thiagonogueira\Downloads\Arquivos_Referencia_CLC_Convertidos_MD\Proposta Ampliação Suprimento de Fundos\Informativo-Suprimento-de-Fundos-Maio-de-2024.pdf,C:\Users\thiagonogueira\OneDrive - mppi.mp.br\CLC\01_Processos_e_Aquisicoes\Base de Conhecimento - Thiago\01_Normativos_Vigentes\03_MPPI\Informativo-Suprimento-de-Fundos-Maio-de-2024.pdf
2026-10-05T10:05:17,C3,OK,12018227,c42e91ce81cf25a5ba19a430c68c1ebe,c42e91ce81cf25a5ba19a430c68c1ebe,C:\Users\thiagonogueira\Downloads\Arquivos_Referencia_CLC_Convertidos_MD\Curso Imersão em Contratações Diretas\Programacao.pdf,C:\Users\thiagonogueira\OneDrive - mppi.mp.br\CLC\01_Processos_e_Aquisicoes\Base de Conhecimento - Thiago\05_Doutrina_e_Biblioteca\Biblioteca_Manuais_e_Cursos\Curso_Imersao_Contratacoes_Diretas\Programacao.pdf
2026-10-05T10:05:17,C3,OK,14715933,7f60d392fd12194d53f9ad9612351d3c,7f60d392fd12194d53f9ad9612351d3c,C:\Users\thiagonogueira\Downloads\Arquivos_Referencia_CLC_Convertidos_MD\Curso Imersão em Contratações Diretas\Materiais\Laboratório_Professor_Thiago_Zagatto.pdf,C:\Users\thiagonogueira\OneDrive - mppi.mp.br\CLC\01_Processos_e_Aquisicoes\Base de Conhecimento - Thiago\05_Doutrina_e_Biblioteca\Biblioteca_Manuais_e_Cursos\Curso_Imersao_Contratacoes_Diretas\Laboratório_Professor_Thiago_Zagatto.pdf
2026-10-05T10:05:17,C3,OK,3600451,6f7e0211f7e14fe02fd2aa0efe0a5eb5,6f7e0211f7e14fe02fd2aa0efe0a5eb5,C:\Users\thiagonogueira\Downloads\Arquivos_Referencia_CLC_Convertidos_MD\Curso Imersão em Contratações Diretas\Material Complementar\Informativo Decisões – Nova Lei.pdf,C:\Users\thiagonogueira\OneDrive - mppi.mp.br\CLC\01_Processos_e_Aquisicoes\Base de Conhecimento - Thiago\05_Doutrina_e_Biblioteca\Biblioteca_Manuais_e_Cursos\Curso_Imersao_Contratacoes_Diretas\Informativo Decisões – Nova Lei.pdf
2026-10-05T10:05:17,C3,OK,2578880,2cdcd0b35dec36c86cbbc10e3319c8f4,2cdcd0b35dec36c86cbbc10e3319c8f4,C:\Users\thiagonogueira\Downloads\Arquivos_Referencia_CLC_Convertidos_MD\Curso Imersão em Contratações Diretas\Material Complementar\Material Selecionado – Produção Zênite – Regime Lei nº 14.133.2021.pdf,C:\Users\thiagonogueira\OneDrive - mppi.mp.br\CLC\01_Processos_e_Aquisicoes\Base de Conhecimento - Thiago\05_Doutrina_e_Biblioteca\Biblioteca_Manuais_e_Cursos\Curso_Imersao_Contratacoes_Diretas\Material Selecionado – Produção Zênite – Regime Lei nº 14.133.2021.pdf
2026-10-05T10:05:17,C3,OK,14585552,b7ef4f92fe43d60af1824dae31ae7535,b7ef4f92fe43d60af1824dae31ae7535,C:\Users\thiagonogueira\Downloads\Arquivos_Referencia_CLC_Convertidos_MD\Cursos e Capacitações\Curso Imersão em Contratações Diretas\Material Digitalizado\1.2 - Ponto_de_vista_I_Profa_Michelle_Marry.pdf,C:\Users\thiagonogueira\OneDrive - mppi.mp.br\CLC\01_Processos_e_Aquisicoes\Base de Conhecimento - Thiago\05_Doutrina_e_Biblioteca\Biblioteca_Manuais_e_Cursos\Curso_Imersao_Contratacoes_Diretas\1.2 - Ponto_de_vista_I_Profa_Michelle_Marry.pdf
2026-10-05T10:05:17,C3,OK,12161869,13c754798035db898654600e5c8018a6,13c754798035db898654600e5c8018a6,C:\Users\thiagonogueira\Downloads\Arquivos_Referencia_CLC_Convertidos_MD\Cursos e Capacitações\Curso Imersão em Contratações Diretas\Material Digitalizado\1.3 - Ponto_de_vista_II_Profa_Suzana_Rossetti.pdf,C:\Users\thiagonogueira\OneDrive - mppi.mp.br\CLC\01_Processos_e_Aquisicoes\Base de Conhecimento - Thiago\05_Doutrina_e_Biblioteca\Biblioteca_Manuais_e_Cursos\Curso_Imersao_Contratacoes_Diretas\1.3 - Ponto_de_vista_II_Profa_Suzana_Rossetti.pdf
2026-10-05T10:05:17,C3,OK,25518111,bb7d09e2068769681f47881e0786018a,bb7d09e2068769681f47881e0786018a,C:\Users\thiagonogueira\Downloads\Arquivos_Referencia_CLC_Convertidos_MD\Cursos e Capacitações\Curso Imersão em Contratações Diretas\Material Digitalizado\1.4 - Na_pratica_I.pdf,C:\Users\thiagonogueira\OneDrive - mppi.mp.br\CLC\01_Processos_e_Aquisicoes\Base de Conhecimento - Thiago\05_Doutrina_e_Biblioteca\Biblioteca_Manuais_e_Cursos\Curso_Imersao_Contratacoes_Diretas\1.4 - Na_pratica_I.pdf
2026-10-05T10:05:17,C3,OK,24318765,788d8c7f9c905b4fde4492e99924338c,788d8c7f9c905b4fde4492e99924338c,C:\Users\thiagonogueira\Downloads\Arquivos_Referencia_CLC_Convertidos_MD\Cursos e Capacitações\Curso Imersão em Contratações Diretas\Material Digitalizado\2.1 - Na_pratica_II.pdf,C:\Users\thiagonogueira\OneDrive - mppi.mp.br\CLC\01_Processos_e_Aquisicoes\Base de Conhecimento - Thiago\05_Doutrina_e_Biblioteca\Biblioteca_Manuais_e_Cursos\Curso_Imersao_Contratacoes_Diretas\2.1 - Na_pratica_II.pdf
2026-10-05T10:05:17,C3,OK,24811781,35c9a0f4fc649019ca76ad17105db81a,35c9a0f4fc649019ca76ad17105db81a,C:\Users\thiagonogueira\Downloads\Arquivos_Referencia_CLC_Convertidos_MD\Cursos e Capacitações\Curso Imersão em Contratações Diretas\Material Digitalizado\2.2 - Na_pratica_III_profa_manuela.pdf,C:\Users\thiagonogueira\OneDrive - mppi.mp.br\CLC\01_Processos_e_Aquisicoes\Base de Conhecimento - Thiago\05_Doutrina_e_Biblioteca\Biblioteca_Manuais_e_Cursos\Curso_Imersao_Contratacoes_Diretas\2.2 - Na_pratica_III_profa_manuela.pdf
2026-10-05T10:05:17,C3,OK,12539412,3b0412b512325b9724dfe99bbac02e61,3b0412b512325b9724dfe99bbac02e61,C:\Users\thiagonogueira\Downloads\Arquivos_Referencia_CLC_Convertidos_MD\Cursos e Capacitações\Curso Imersão em Contratações Diretas\Material Digitalizado\2.3 - Na_pratica_IV.pdf,C:\Users\thiagonogueira\OneDrive - mppi.mp.br\CLC\01_Processos_e_Aquisicoes\Base de Conhecimento - Thiago\05_Doutrina_e_Biblioteca\Biblioteca_Manuais_e_Cursos\Curso_Imersao_Contratacoes_Diretas\2.3 - Na_pratica_IV.pdf
2026-10-05T10:05:17,C3,OK,24853276,e2cb9237d0d579467aa109b0230cc1ad,e2cb9237d0d579467aa109b0230cc1ad,C:\Users\thiagonogueira\Downloads\Arquivos_Referencia_CLC_Convertidos_MD\Cursos e Capacitações\Curso Imersão em Contratações Diretas\Material Digitalizado\3.3 - Ponto_de_vista_III.pdf,C:\Users\thiagonogueira\OneDrive - mppi.mp.br\CLC\01_Processos_e_Aquisicoes\Base de Conhecimento - Thiago\05_Doutrina_e_Biblioteca\Biblioteca_Manuais_e_Cursos\Curso_Imersao_Contratacoes_Diretas\3.3 - Ponto_de_vista_III.pdf
2026-10-05T10:05:17,C4,OK,1870057,cc5a648cdc4b3b8b16e17068ed700c7b,cc5a648cdc4b3b8b16e17068ed700c7b,C:\Users\thiagonogueira\Downloads\Estrutura da Apresentação.docx,C:\Users\thiagonogueira\OneDrive - mppi.mp.br\CLC\01_Processos_e_Aquisicoes\Base de Conhecimento - Thiago\05_Doutrina_e_Biblioteca\Biblioteca_Manuais_e_Cursos\Material_Didatico_CLC\Estrutura da Apresentação.docx
2026-10-05T10:05:17,C4,OK,8504,f4d92bbaf9c95e106d0155a3de423c98,f4d92bbaf9c95e106d0155a3de423c98,C:\Users\thiagonogueira\Downloads\Kahoot_Importacao_AEI.xlsx,C:\Users\thiagonogueira\OneDrive - mppi.mp.br\CLC\01_Processos_e_Aquisicoes\Base de Conhecimento - Thiago\05_Doutrina_e_Biblioteca\Biblioteca_Manuais_e_Cursos\Material_Didatico_CLC\Kahoot_Importacao_AEI.xlsx
2026-10-05T10:05:17,C4,OK,13008,3f9ea72d7031c5068a8c0f0e9a59210b,3f9ea72d7031c5068a8c0f0e9a59210b,C:\Users\thiagonogueira\Downloads\Roteiro_Executivo_Chefia.docx,C:\Users\thiagonogueira\OneDrive - mppi.mp.br\CLC\01_Processos_e_Aquisicoes\Base de Conhecimento - Thiago\05_Doutrina_e_Biblioteca\Biblioteca_Manuais_e_Cursos\Material_Didatico_CLC\Roteiro_Executivo_Chefia.docx
2026-10-05T10:05:17,C4,OK,17433,d793e5902d3b45cd73a60531d62c2347,d793e5902d3b45cd73a60531d62c2347,C:\Users\thiagonogueira\Downloads\Roteiro_Resumido_1pagina.pdf,C:\Users\thiagonogueira\OneDrive - mppi.mp.br\CLC\01_Processos_e_Aquisicoes\Base de Conhecimento - Thiago\05_Doutrina_e_Biblioteca\Biblioteca_Manuais_e_Cursos\Material_Didatico_CLC\Roteiro_Resumido_1pagina.pdf
2026-10-05T10:05:17,C4,OK,6845,e23e2943ac8cac3667e726bad90be561,e23e2943ac8cac3667e726bad90be561,C:\Users\thiagonogueira\Downloads\Roteiro_Video_PCA_MPPI.md,C:\Users\thiagonogueira\OneDrive - mppi.mp.br\CLC\01_Processos_e_Aquisicoes\Base de Conhecimento - Thiago\05_Doutrina_e_Biblioteca\Biblioteca_Manuais_e_Cursos\Material_Didatico_CLC\Roteiro_Video_PCA_MPPI.md
2026-10-05T10:05:17,C4,OK,19845,537ba3dfd2fdb231088bb55ed43f89d8,537ba3dfd2fdb231088bb55ed43f89d8,C:\Users\thiagonogueira\Downloads\Arquivos_Referencia_CLC_Convertidos_MD\Assessoria de Compras\Curso Imersão em Contratações Diretas\Roteiros_Fala_Escrita_Curso_Interno_MPPI.docx,C:\Users\thiagonogueira\OneDrive - mppi.mp.br\CLC\01_Processos_e_Aquisicoes\Base de Conhecimento - Thiago\05_Doutrina_e_Biblioteca\Biblioteca_Manuais_e_Cursos\Material_Didatico_CLC\Roteiros_Fala_Escrita_Curso_Interno_MPPI.docx
2026-10-05T10:05:17,C7,OK,8494,d90610a0d11608302a68a50510355f35,d90610a0d11608302a68a50510355f35,C:\Users\thiagonogueira\Downloads\diagnostico_base_conhecimento.md,C:\Users\thiagonogueira\Dev\base-conhecimento-licitacoes\docs\projeto\diagnostico_base_conhecimento.md
2026-10-05T10:05:17,C7,OK,12584,f4e603ca86f43ddeb7f5403485e74a7b,f4e603ca86f43ddeb7f5403485e74a7b,C:\Users\thiagonogueira\Downloads\mini_projeto_central_normativos_clc.md,C:\Users\thiagonogueira\Dev\base-conhecimento-licitacoes\docs\projeto\mini_projeto_central_normativos_clc.md
2026-10-05T10:05:17,C7,OK,41745,7506162b9fbc738ea44ea99fc4cb6478,7506162b9fbc738ea44ea99fc4cb6478,C:\Users\thiagonogueira\Downloads\Roteiro_Analise_Pasta_CLC_Scripts_Artefatos.md,C:\Users\thiagonogueira\Dev\base-conhecimento-licitacoes\docs\projeto\Roteiro_Analise_Pasta_CLC_Scripts_Artefatos.md
