quando,status,md_origem,md_destino
2026-10-03T13:50:51,OK,C:\Users\thiagonogueira\OneDrive - mppi.mp.br\CLC\01_Processos_e_Aquisicoes\Base de Conhecimento - Thiago\01_Normativos_Vigentes\01_Federal\Portarias\Federal - Portaria 8678.2021 - Governanca de Contratacoes Publicas.md,C:\Users\thiagonogueira\OneDrive - mppi.mp.br\CLC\01_Processos_e_Aquisicoes\Base de Conhecimento - Thiago\01_Normativos_Vigentes\01_Federal\Portarias\Portaria Fedral - n8678.0 - 2021.md
2026-10-03T13:50:51,OK,C:\Users\thiagonogueira\OneDrive - mppi.mp.br\CLC\01_Processos_e_Aquisicoes\Base de Conhecimento - Thiago\01_Normativos_Vigentes\02_Estadual_PI\Acordaos_Pareceres_Orientacoes\TCE NT 03.2020 - Contratações de TIC.md,C:\Users\thiagonogueira\OneDrive - mppi.mp.br\CLC\01_Processos_e_Aquisicoes\Base de Conhecimento - Thiago\01_Normativos_Vigentes\02_Estadual_PI\Acordaos_Pareceres_Orientacoes\Nota Técnica Estadual - n032020112020 - 2020.md
2026-10-03T13:50:51,OK,C:\Users\thiagonogueira\OneDrive - mppi.mp.br\CLC\01_Processos_e_Aquisicoes\Base de Conhecimento - Thiago\01_Normativos_Vigentes\02_Estadual_PI\Decretos\Decreto Estadual 11319.2004 - Sistema de Registro de Precos Estadual.md,C:\Users\thiagonogueira\OneDrive - mppi.mp.br\CLC\01_Processos_e_Aquisicoes\Base de Conhecimento - Thiago\01_Normativos_Vigentes\02_Estadual_PI\Decretos\DECRETO - n11.319 - 2004.md
2026-10-03T13:50:51,OK,C:\Users\thiagonogueira\OneDrive - mppi.mp.br\CLC\01_Processos_e_Aquisicoes\Base de Conhecimento - Thiago\01_Normativos_Vigentes\02_Estadual_PI\Decretos\Decreto Estadual 11346.2004 - Modalidade Pregao no Piaui.md,C:\Users\thiagonogueira\OneDrive - mppi.mp.br\CLC\01_Processos_e_Aquisicoes\Base de Conhecimento - Thiago\01_Normativos_Vigentes\02_Estadual_PI\Decretos\Decreto Estadual - n11.346302004 - 2004.md
2026-10-03T13:50:51,OK,C:\Users\thiagonogueira\OneDrive - mppi.mp.br\CLC\01_Processos_e_Aquisicoes\Base de Conhecimento - Thiago\01_Normativos_Vigentes\02_Estadual_PI\Decretos\Decreto Estadual 13701.2009 - Contratacoes Publicas Sustentaveis.md,C:\Users\thiagonogueira\OneDrive - mppi.mp.br\CLC\01_Processos_e_Aquisicoes\Base de Conhecimento - Thiago\01_Normativos_Vigentes\02_Estadual_PI\Decretos\Decreto Estadual - n13.701052009 - 2009.md
2026-10-03T13:50:51,OK,C:\Users\thiagonogueira\OneDrive - mppi.mp.br\CLC\01_Processos_e_Aquisicoes\Base de Conhecimento - Thiago\01_Normativos_Vigentes\02_Estadual_PI\Decretos\Decreto Estadual 14386.2011 - Aquisicao Locacao e Controle de Veiculos Oficiais.md,C:\Users\thiagonogueira\OneDrive - mppi.mp.br\CLC\01_Processos_e_Aquisicoes\Base de Conhecimento - Thiago\01_Normativos_Vigentes\02_Estadual_PI\Decretos\Decreto Estadual - n14.386182011 - 2011.md
2026-10-03T13:50:51,OK,C:\Users\thiagonogueira\OneDrive - mppi.mp.br\CLC\01_Processos_e_Aquisicoes\Base de Conhecimento - Thiago\01_Normativos_Vigentes\02_Estadual_PI\Decretos\Decreto Estadual 14483.2011 - Contratacao de Servicos no Executivo Estadual (Compilado).md,C:\Users\thiagonogueira\OneDrive - mppi.mp.br\CLC\01_Processos_e_Aquisicoes\Base de Conhecimento - Thiago\01_Normativos_Vigentes\02_Estadual_PI\Decretos\Decreto Estadual - n14.483262011 - 2011.md
2026-10-03T13:50:51,OK,C:\Users\thiagonogueira\OneDrive - mppi.mp.br\CLC\01_Processos_e_Aquisicoes\Base de Conhecimento - Thiago\01_Normativos_Vigentes\02_Estadual_PI\Decretos\Decreto Estadual 14891.2012 - Aquisicao e Concessao de Passagens Aereas (Compilado).md,C:\Users\thiagonogueira\OneDrive - mppi.mp.br\CLC\01_Processos_e_Aquisicoes\Base de Conhecimento - Thiago\01_Normativos_Vigentes\02_Estadual_PI\Decretos\Decreto Estadual - n14.891112012 - 2012.md
2026-10-03T13:50:51,OK,"C:\Users\thiagonogueira\OneDrive - mppi.mp.br\CLC\01_Processos_e_Aquisicoes\Base de Conhecimento - Thiago\01_Normativos_Vigentes\02_Estadual_PI\Decretos\Decreto Estadual 16212.2015 - Regulamenta o tratamento favorecido, diferenciado e simplificado para as microempresas, empresas de pequeno....md",C:\Users\thiagonogueira\OneDrive - mppi.mp.br\CLC\01_Processos_e_Aquisicoes\Base de Conhecimento - Thiago\01_Normativos_Vigentes\02_Estadual_PI\Decretos\Decreto Estadual - n16.21252015 - 2015.md
2026-10-03T13:50:51,OK,"C:\Users\thiagonogueira\OneDrive - mppi.mp.br\CLC\01_Processos_e_Aquisicoes\Base de Conhecimento - Thiago\01_Normativos_Vigentes\02_Estadual_PI\Decretos\Decreto Estadual 16266.2015 - Regulamenta o art. 41, II, da Lei Estadual nº 7.884, de 08 de dezembro de 2022, disciplina patrocínio dos... [ALTERADO POSTERIORMENTE].md",C:\Users\thiagonogueira\OneDrive - mppi.mp.br\CLC\01_Processos_e_Aquisicoes\Base de Conhecimento - Thiago\01_Normativos_Vigentes\02_Estadual_PI\Decretos\Decreto Estadual - n16.266032015 - 2015.md
2026-10-03T13:50:51,OK,"C:\Users\thiagonogueira\OneDrive - mppi.mp.br\CLC\01_Processos_e_Aquisicoes\Base de Conhecimento - Thiago\01_Normativos_Vigentes\02_Estadual_PI\Decretos\Decreto Estadual 16737.2016 - Estabelece parâmetros para elaboração de extratos de contratos administrativos e aditamentos contratuais, a....md",C:\Users\thiagonogueira\OneDrive - mppi.mp.br\CLC\01_Processos_e_Aquisicoes\Base de Conhecimento - Thiago\01_Normativos_Vigentes\02_Estadual_PI\Decretos\Decreto Estadual - n16.73722016 - 2016.md
2026-10-03T13:50:51,OK,"C:\Users\thiagonogueira\OneDrive - mppi.mp.br\CLC\01_Processos_e_Aquisicoes\Base de Conhecimento - Thiago\01_Normativos_Vigentes\02_Estadual_PI\Decretos\Decreto Estadual 17084.2017 - Dispõe sobre a Programação Orçamentária e Financeira dos órgãos e entidades do Poder Executivo, relativa a....md",C:\Users\thiagonogueira\OneDrive - mppi.mp.br\CLC\01_Processos_e_Aquisicoes\Base de Conhecimento - Thiago\01_Normativos_Vigentes\02_Estadual_PI\Decretos\Decreto Estadual - n17.084032017 - 2017.md
2026-10-03T13:50:51,OK,C:\Users\thiagonogueira\OneDrive - mppi.mp.br\CLC\01_Processos_e_Aquisicoes\Base de Conhecimento - Thiago\01_Normativos_Vigentes\02_Estadual_PI\Decretos\Decreto Estadual 19841.2021 - Dispõe sobre os procedimentos e critérios para o reequilíbrio econômico-financeiro de contratos....md,C:\Users\thiagonogueira\OneDrive - mppi.mp.br\CLC\01_Processos_e_Aquisicoes\Base de Conhecimento - Thiago\01_Normativos_Vigentes\02_Estadual_PI\Decretos\Decreto Estadual - n19.841062021 - 2021.md
2026-10-03T13:50:51,OK,C:\Users\thiagonogueira\OneDrive - mppi.mp.br\CLC\01_Processos_e_Aquisicoes\Base de Conhecimento - Thiago\01_Normativos_Vigentes\02_Estadual_PI\Decretos\Decreto Estadual 20096.2021 - Credenciamento de Fornecedores e Prestadores de Servicos (Compilado).md,C:\Users\thiagonogueira\OneDrive - mppi.mp.br\CLC\01_Processos_e_Aquisicoes\Base de Conhecimento - Thiago\01_Normativos_Vigentes\02_Estadual_PI\Decretos\Decreto Estadual - n20.096112021 - 2021.md
2026-10-03T13:50:51,OK,C:\Users\thiagonogueira\OneDrive - mppi.mp.br\CLC\01_Processos_e_Aquisicoes\Base de Conhecimento - Thiago\01_Normativos_Vigentes\02_Estadual_PI\Decretos\Decreto Estadual 20110.2021 - Dispõe sobre o regime de licitações e contratos administrativos a ser utilizado no âmbito da Administração....md,C:\Users\thiagonogueira\OneDrive - mppi.mp.br\CLC\01_Processos_e_Aquisicoes\Base de Conhecimento - Thiago\01_Normativos_Vigentes\02_Estadual_PI\Decretos\Decreto Estadual - n20.110132021 - 2021.md
2026-10-03T13:50:51,OK,C:\Users\thiagonogueira\OneDrive - mppi.mp.br\CLC\01_Processos_e_Aquisicoes\Base de Conhecimento - Thiago\01_Normativos_Vigentes\02_Estadual_PI\Decretos\Decreto Estadual 21812.2023 - Dispõe sobre limites de gastos para contratação de bandas e atrações artísticas para eventos festivos no ano....md,C:\Users\thiagonogueira\OneDrive - mppi.mp.br\CLC\01_Processos_e_Aquisicoes\Base de Conhecimento - Thiago\01_Normativos_Vigentes\02_Estadual_PI\Decretos\Decreto Estadual - n21.812092023 - 2023.md
2026-10-03T13:50:51,OK,C:\Users\thiagonogueira\OneDrive - mppi.mp.br\CLC\01_Processos_e_Aquisicoes\Base de Conhecimento - Thiago\01_Normativos_Vigentes\02_Estadual_PI\Decretos\Decreto Estadual  21813.2023 - Licitações e Contratos de Publicidade.md,C:\Users\thiagonogueira\OneDrive - mppi.mp.br\CLC\01_Processos_e_Aquisicoes\Base de Conhecimento - Thiago\01_Normativos_Vigentes\02_Estadual_PI\Decretos\Decreto Estadual - n21.813092023 - 2023.md
2026-10-03T13:50:51,OK,C:\Users\thiagonogueira\OneDrive - mppi.mp.br\CLC\01_Processos_e_Aquisicoes\Base de Conhecimento - Thiago\01_Normativos_Vigentes\02_Estadual_PI\Decretos\Decreto Estadual 21872.2023 - Regulamenta a NLLC.md,C:\Users\thiagonogueira\OneDrive - mppi.mp.br\CLC\01_Processos_e_Aquisicoes\Base de Conhecimento - Thiago\01_Normativos_Vigentes\02_Estadual_PI\Decretos\Decreto Estadual - n21.872072023 - 2023.md
2026-10-03T13:50:51,OK,"C:\Users\thiagonogueira\OneDrive - mppi.mp.br\CLC\01_Processos_e_Aquisicoes\Base de Conhecimento - Thiago\01_Normativos_Vigentes\02_Estadual_PI\Decretos\Decreto Estadual 21910.2023 - Dispõe sobre o Marco Temporal e o procedimento de transição entre a Lei nº 14.133, de 1º de abril de 2021, e... [REVOGADO].md",C:\Users\thiagonogueira\OneDrive - mppi.mp.br\CLC\01_Processos_e_Aquisicoes\Base de Conhecimento - Thiago\01_Normativos_Vigentes\02_Estadual_PI\Decretos\Decreto Estadual - n21.910172023 - 2023.md
2026-10-03T13:50:51,OK,C:\Users\thiagonogueira\OneDrive - mppi.mp.br\CLC\01_Processos_e_Aquisicoes\Base de Conhecimento - Thiago\01_Normativos_Vigentes\02_Estadual_PI\Decretos\Decreto Estadual 21938.2023 - SRP PI.md,C:\Users\thiagonogueira\OneDrive - mppi.mp.br\CLC\01_Processos_e_Aquisicoes\Base de Conhecimento - Thiago\01_Normativos_Vigentes\02_Estadual_PI\Decretos\Decreto Estadual - n21.938282023 - 2023.md
2026-10-03T13:50:51,OK,"C:\Users\thiagonogueira\OneDrive - mppi.mp.br\CLC\01_Processos_e_Aquisicoes\Base de Conhecimento - Thiago\01_Normativos_Vigentes\02_Estadual_PI\Decretos\Decreto Estadual 21980.2023 - Revoga o Decreto nº 21.910, de 17 de março de 2023, que estabeleceu o Marco Temporal e o procedimento de....md",C:\Users\thiagonogueira\OneDrive - mppi.mp.br\CLC\01_Processos_e_Aquisicoes\Base de Conhecimento - Thiago\01_Normativos_Vigentes\02_Estadual_PI\Decretos\Decreto Estadual - n21.980132023 - 2023.md
2026-10-03T13:50:51,OK,"C:\Users\thiagonogueira\OneDrive - mppi.mp.br\CLC\01_Processos_e_Aquisicoes\Base de Conhecimento - Thiago\01_Normativos_Vigentes\02_Estadual_PI\Decretos\Decreto Estadual 22023.2023 - Implanta o Sistema Integrado de Gestão de Repasses – SIGRP e disciplina os procedimentos para celebração,....md",C:\Users\thiagonogueira\OneDrive - mppi.mp.br\CLC\01_Processos_e_Aquisicoes\Base de Conhecimento - Thiago\01_Normativos_Vigentes\02_Estadual_PI\Decretos\Decreto Estadual - n22.023262023 - 2023.md
2026-10-03T13:50:52,OK,C:\Users\thiagonogueira\OneDrive - mppi.mp.br\CLC\01_Processos_e_Aquisicoes\Base de Conhecimento - Thiago\01_Normativos_Vigentes\02_Estadual_PI\Decretos\Decreto Estadual 22089.2023 - Regulamenta a seleção de Organizações Sociais para a celebração de contrato de gestão na forma da Lei....md,C:\Users\thiagonogueira\OneDrive - mppi.mp.br\CLC\01_Processos_e_Aquisicoes\Base de Conhecimento - Thiago\01_Normativos_Vigentes\02_Estadual_PI\Decretos\Decreto Estadual - n22.089192023 - 2023.md
2026-10-03T13:50:52,OK,C:\Users\thiagonogueira\OneDrive - mppi.mp.br\CLC\01_Processos_e_Aquisicoes\Base de Conhecimento - Thiago\01_Normativos_Vigentes\02_Estadual_PI\Decretos\Decreto Estadual 22380.2023 - Dispõe sobre a descentralização de crédito orçamentário no Estado do Piauí..md,C:\Users\thiagonogueira\OneDrive - mppi.mp.br\CLC\01_Processos_e_Aquisicoes\Base de Conhecimento - Thiago\01_Normativos_Vigentes\02_Estadual_PI\Decretos\Decreto Estadual - n22.380052023 - 2023.md
2026-10-03T13:50:52,OK,"C:\Users\thiagonogueira\OneDrive - mppi.mp.br\CLC\01_Processos_e_Aquisicoes\Base de Conhecimento - Thiago\01_Normativos_Vigentes\02_Estadual_PI\Decretos\Decreto Estadual 22652.2023 - Dispõe sobre o Marco Temporal e o procedimento de transição entre a Lei nº 14.133, de 1º de abril de 2021, e....md",C:\Users\thiagonogueira\OneDrive - mppi.mp.br\CLC\01_Processos_e_Aquisicoes\Base de Conhecimento - Thiago\01_Normativos_Vigentes\02_Estadual_PI\Decretos\Decreto Estadual - n22.652272023 - 2023.md
2026-10-03T13:50:52,OK,C:\Users\thiagonogueira\OneDrive - mppi.mp.br\CLC\01_Processos_e_Aquisicoes\Base de Conhecimento - Thiago\01_Normativos_Vigentes\02_Estadual_PI\Decretos\Decreto Estadual 22737.2024 - Reajuste de Preços nos Contratos Administrativos.md,C:\Users\thiagonogueira\OneDrive - mppi.mp.br\CLC\01_Processos_e_Aquisicoes\Base de Conhecimento - Thiago\01_Normativos_Vigentes\02_Estadual_PI\Decretos\Decreto Estadual - n22.737062024 - 2024.md
2026-10-03T13:50:52,OK,C:\Users\thiagonogueira\OneDrive - mppi.mp.br\CLC\01_Processos_e_Aquisicoes\Base de Conhecimento - Thiago\01_Normativos_Vigentes\02_Estadual_PI\Decretos\Decreto Estadual 22822.2024 - Diretrizes de Governanca e Contratacoes.md,C:\Users\thiagonogueira\OneDrive - mppi.mp.br\CLC\01_Processos_e_Aquisicoes\Base de Conhecimento - Thiago\01_Normativos_Vigentes\02_Estadual_PI\Decretos\Decreto Estadual - n22.822112024 - 2024.md
2026-10-03T13:50:52,OK,C:\Users\thiagonogueira\OneDrive - mppi.mp.br\CLC\01_Processos_e_Aquisicoes\Base de Conhecimento - Thiago\01_Normativos_Vigentes\02_Estadual_PI\Decretos\Decreto Estadual 23891.2025 - Programa Estadual de Aquisições e Contratações Públicas Sustentáveis.md,C:\Users\thiagonogueira\OneDrive - mppi.mp.br\CLC\01_Processos_e_Aquisicoes\Base de Conhecimento - Thiago\01_Normativos_Vigentes\02_Estadual_PI\Decretos\Decreto Estadual - n23.891122025 - 2025.md
2026-10-03T13:50:52,OK,C:\Users\thiagonogueira\OneDrive - mppi.mp.br\CLC\01_Processos_e_Aquisicoes\Base de Conhecimento - Thiago\01_Normativos_Vigentes\02_Estadual_PI\Instrucoes_Normativas\Instrução Normativa CGE nº 01-2013 - Procedimentos de Controle e Pareceres.md,C:\Users\thiagonogueira\OneDrive - mppi.mp.br\CLC\01_Processos_e_Aquisicoes\Base de Conhecimento - Thiago\01_Normativos_Vigentes\02_Estadual_PI\Instrucoes_Normativas\Instrução Normativa Estadual - n00012013 - 2013.md
2026-10-03T13:50:52,OK,C:\Users\thiagonogueira\OneDrive - mppi.mp.br\CLC\01_Processos_e_Aquisicoes\Base de Conhecimento - Thiago\01_Normativos_Vigentes\02_Estadual_PI\Instrucoes_Normativas\Instrução Normativa CGE nº 01-2015 - Normas Gerais de Controle Interno.md,C:\Users\thiagonogueira\OneDrive - mppi.mp.br\CLC\01_Processos_e_Aquisicoes\Base de Conhecimento - Thiago\01_Normativos_Vigentes\02_Estadual_PI\Instrucoes_Normativas\Instrução Normativa Estadual - n00012015 - 2015.md
2026-10-03T13:50:52,OK,C:\Users\thiagonogueira\OneDrive - mppi.mp.br\CLC\01_Processos_e_Aquisicoes\Base de Conhecimento - Thiago\01_Normativos_Vigentes\02_Estadual_PI\Instrucoes_Normativas\Instrução Normativa SEFAZ nº 01-2021 - Procedimentos de Gestão Financeira.md,C:\Users\thiagonogueira\OneDrive - mppi.mp.br\CLC\01_Processos_e_Aquisicoes\Base de Conhecimento - Thiago\01_Normativos_Vigentes\02_Estadual_PI\Instrucoes_Normativas\Instrução Normativa Estadual - n00012021 - 2021.md
2026-10-03T13:50:52,OK,C:\Users\thiagonogueira\OneDrive - mppi.mp.br\CLC\01_Processos_e_Aquisicoes\Base de Conhecimento - Thiago\01_Normativos_Vigentes\02_Estadual_PI\Leis\Lei Estadual 7482.2021 - Diretrizes e Reorganizacao Administrativa.md,C:\Users\thiagonogueira\OneDrive - mppi.mp.br\CLC\01_Processos_e_Aquisicoes\Base de Conhecimento - Thiago\01_Normativos_Vigentes\02_Estadual_PI\Leis\Lei Estadual - n7.482182021 - 2021.md
2026-10-03T13:50:52,OK,C:\Users\thiagonogueira\OneDrive - mppi.mp.br\CLC\01_Processos_e_Aquisicoes\Base de Conhecimento - Thiago\01_Normativos_Vigentes\02_Estadual_PI\Leis\Lei Estadual 7612.2021 - Gestão de Bens Imóveis.md,C:\Users\thiagonogueira\OneDrive - mppi.mp.br\CLC\01_Processos_e_Aquisicoes\Base de Conhecimento - Thiago\01_Normativos_Vigentes\02_Estadual_PI\Leis\Lei Estadual - n7.612272021 - 2021.md
2026-10-03T13:50:52,OK,C:\Users\thiagonogueira\OneDrive - mppi.mp.br\CLC\01_Processos_e_Aquisicoes\Base de Conhecimento - Thiago\01_Normativos_Vigentes\02_Estadual_PI\Portarias\SEAD Portaria Gab Seadprev 34.2021 - Regulamenta a Dispensa Eletrônica.md,C:\Users\thiagonogueira\OneDrive - mppi.mp.br\CLC\01_Processos_e_Aquisicoes\Base de Conhecimento - Thiago\01_Normativos_Vigentes\02_Estadual_PI\Portarias\Portaria Estadual - n..0342021 - 2021.md
2026-10-03T13:50:52,OK,C:\Users\thiagonogueira\OneDrive - mppi.mp.br\CLC\01_Processos_e_Aquisicoes\Base de Conhecimento - Thiago\01_Normativos_Vigentes\02_Estadual_PI\Portarias\Portaria SEAD nº 001.2024 - Diretrizes de Contratacoes SEAD Piaui.md,C:\Users\thiagonogueira\OneDrive - mppi.mp.br\CLC\01_Processos_e_Aquisicoes\Base de Conhecimento - Thiago\01_Normativos_Vigentes\02_Estadual_PI\Portarias\Portaria Estadual - n0012024. - 2024.md
2026-10-03T13:50:52,OK,C:\Users\thiagonogueira\OneDrive - mppi.mp.br\CLC\01_Processos_e_Aquisicoes\Base de Conhecimento - Thiago\01_Normativos_Vigentes\02_Estadual_PI\Resolucoes\Resolução CGFR 002.2021 - Elaboração de Extratos de Licitação e Contratos Administrativos.md,C:\Users\thiagonogueira\OneDrive - mppi.mp.br\CLC\01_Processos_e_Aquisicoes\Base de Conhecimento - Thiago\01_Normativos_Vigentes\02_Estadual_PI\Resolucoes\Resolução Estadual - n0022021182021 - 2021.md
2026-10-03T13:50:52,OK,C:\Users\thiagonogueira\OneDrive - mppi.mp.br\CLC\01_Processos_e_Aquisicoes\Base de Conhecimento - Thiago\01_Normativos_Vigentes\03_MPPI\Atos\Ato PGJ 1381.2024 - Diretrizes de Contratacoes e Governanca MPPI.md,C:\Users\thiagonogueira\OneDrive - mppi.mp.br\CLC\01_Processos_e_Aquisicoes\Base de Conhecimento - Thiago\01_Normativos_Vigentes\03_MPPI\Atos\Ato PGJMPPI - n1381.0 - 2024.md
2026-10-03T13:50:52,OK,C:\Users\thiagonogueira\OneDrive - mppi.mp.br\CLC\01_Processos_e_Aquisicoes\Base de Conhecimento - Thiago\01_Normativos_Vigentes\03_MPPI\Atos\Ato PGJ 1382.2024 - Regulamenta a Implementação da 14133 no MPPI_2.md,C:\Users\thiagonogueira\OneDrive - mppi.mp.br\CLC\01_Processos_e_Aquisicoes\Base de Conhecimento - Thiago\01_Normativos_Vigentes\03_MPPI\Atos\Ato PGJMPPI - n1382.0 - 2024.md
2026-10-03T13:50:52,OK,C:\Users\thiagonogueira\OneDrive - mppi.mp.br\CLC\01_Processos_e_Aquisicoes\Base de Conhecimento - Thiago\01_Normativos_Vigentes\03_MPPI\Atos\Ato PGJ 1413.2024 - Altera Ato PGJ 1382.2024_2.md,C:\Users\thiagonogueira\OneDrive - mppi.mp.br\CLC\01_Processos_e_Aquisicoes\Base de Conhecimento - Thiago\01_Normativos_Vigentes\03_MPPI\Atos\Ato PGJMPPI - n1413.0 - 2024.md
2026-10-03T13:50:52,OK,C:\Users\thiagonogueira\OneDrive - mppi.mp.br\CLC\01_Processos_e_Aquisicoes\Base de Conhecimento - Thiago\01_Normativos_Vigentes\03_MPPI\Atos\Ato PGJ 1414.2024 - Agente de Contratação.md,C:\Users\thiagonogueira\OneDrive - mppi.mp.br\CLC\01_Processos_e_Aquisicoes\Base de Conhecimento - Thiago\01_Normativos_Vigentes\03_MPPI\Atos\Ato PGJMPPI - n1414.0 - 2024.md
2026-10-03T13:50:52,OK,C:\Users\thiagonogueira\OneDrive - mppi.mp.br\CLC\01_Processos_e_Aquisicoes\Base de Conhecimento - Thiago\01_Normativos_Vigentes\03_MPPI\Atos\Ato PGJ 1415.2024 - Serviços e fornecimentos contínuos.md,C:\Users\thiagonogueira\OneDrive - mppi.mp.br\CLC\01_Processos_e_Aquisicoes\Base de Conhecimento - Thiago\01_Normativos_Vigentes\03_MPPI\Atos\Ato PGJMPPI - n1415.0 - 2024.md
2026-10-03T13:50:52,OK,C:\Users\thiagonogueira\OneDrive - mppi.mp.br\CLC\01_Processos_e_Aquisicoes\Base de Conhecimento - Thiago\01_Normativos_Vigentes\03_MPPI\Atos\Ato PGJ 1448.2024 - Altera o Ato PGJ 1414.2024.md,C:\Users\thiagonogueira\OneDrive - mppi.mp.br\CLC\01_Processos_e_Aquisicoes\Base de Conhecimento - Thiago\01_Normativos_Vigentes\03_MPPI\Atos\Ato PGJMPPI - n1448.0 - 2024.md
2026-10-03T13:50:52,OK,C:\Users\thiagonogueira\OneDrive - mppi.mp.br\CLC\01_Processos_e_Aquisicoes\Base de Conhecimento - Thiago\01_Normativos_Vigentes\03_MPPI\Atos\Ato PGJ 1456.2024 - Manifestação Jurídica Referencial.md,C:\Users\thiagonogueira\OneDrive - mppi.mp.br\CLC\01_Processos_e_Aquisicoes\Base de Conhecimento - Thiago\01_Normativos_Vigentes\03_MPPI\Atos\Ato PGJMPPI - n1456.0 - 2024.md
2026-10-03T13:50:52,OK,C:\Users\thiagonogueira\OneDrive - mppi.mp.br\CLC\01_Processos_e_Aquisicoes\Base de Conhecimento - Thiago\01_Normativos_Vigentes\03_MPPI\Portarias\Portaria PGJ 3447.2024 - Equipe de Planejamento TIC.md,C:\Users\thiagonogueira\OneDrive - mppi.mp.br\CLC\01_Processos_e_Aquisicoes\Base de Conhecimento - Thiago\01_Normativos_Vigentes\03_MPPI\Portarias\Portaria PGJMPPI - n3447.0 - 2024.md
2026-10-03T13:50:52,OK,C:\Users\thiagonogueira\OneDrive - mppi.mp.br\CLC\01_Processos_e_Aquisicoes\Base de Conhecimento - Thiago\01_Normativos_Vigentes\03_MPPI\Portarias\Portaria PGJ 3448.2024 - Equipe de Planejamento da Contratacao.md,C:\Users\thiagonogueira\OneDrive - mppi.mp.br\CLC\01_Processos_e_Aquisicoes\Base de Conhecimento - Thiago\01_Normativos_Vigentes\03_MPPI\Portarias\Portaria PGJMPPI - n3448.0 - 2024.md
2026-10-03T13:50:52,OK,C:\Users\thiagonogueira\OneDrive - mppi.mp.br\CLC\01_Processos_e_Aquisicoes\Base de Conhecimento - Thiago\01_Normativos_Vigentes\03_MPPI\Portarias\Portaria PGJ 4333.2024 - Equipe de Planejamento da Contratacao.md,C:\Users\thiagonogueira\OneDrive - mppi.mp.br\CLC\01_Processos_e_Aquisicoes\Base de Conhecimento - Thiago\01_Normativos_Vigentes\03_MPPI\Portarias\Portaria PGJMPPI - n4333.0 - 2024.md
2026-10-03T13:50:52,OK,C:\Users\thiagonogueira\OneDrive - mppi.mp.br\CLC\01_Processos_e_Aquisicoes\Base de Conhecimento - Thiago\01_Normativos_Vigentes\03_MPPI\Portarias\Portaria PGJ 4335.2024 - Equipe de Planejamento TIC.md,C:\Users\thiagonogueira\OneDrive - mppi.mp.br\CLC\01_Processos_e_Aquisicoes\Base de Conhecimento - Thiago\01_Normativos_Vigentes\03_MPPI\Portarias\Portaria PGJMPPI - n4335.0 - 2024.md
2026-10-03T13:50:52,OK,C:\Users\thiagonogueira\OneDrive - mppi.mp.br\CLC\01_Processos_e_Aquisicoes\Base de Conhecimento - Thiago\01_Normativos_Vigentes\03_MPPI\Portarias\Portaria PGJ 0870.2025 - Equipe de Planejamento.md,C:\Users\thiagonogueira\OneDrive - mppi.mp.br\CLC\01_Processos_e_Aquisicoes\Base de Conhecimento - Thiago\01_Normativos_Vigentes\03_MPPI\Portarias\Portaria PGJMPPI - n870.0 - 2025.md
2026-10-03T13:50:52,OK,C:\Users\thiagonogueira\OneDrive - mppi.mp.br\CLC\01_Processos_e_Aquisicoes\Base de Conhecimento - Thiago\01_Normativos_Vigentes\03_MPPI\Portarias\Portaria PGJ 0942.2025 - Equipe de Planejamento.md,C:\Users\thiagonogueira\OneDrive - mppi.mp.br\CLC\01_Processos_e_Aquisicoes\Base de Conhecimento - Thiago\01_Normativos_Vigentes\03_MPPI\Portarias\Portaria PGJMPPI - n942.0 - 2025.md
2026-10-03T13:50:52,OK,C:\Users\thiagonogueira\OneDrive - mppi.mp.br\CLC\01_Processos_e_Aquisicoes\Base de Conhecimento - Thiago\01_Normativos_Vigentes\03_MPPI\Portarias\Portaria PGJ 2067.2026 - Equipe de Planejamento.md,C:\Users\thiagonogueira\OneDrive - mppi.mp.br\CLC\01_Processos_e_Aquisicoes\Base de Conhecimento - Thiago\01_Normativos_Vigentes\03_MPPI\Portarias\PORTARIA_PGJPI_NA___2067.2026___Equipe_de_planejamento.md
2026-10-03T13:50:52,OK,C:\Users\thiagonogueira\OneDrive - mppi.mp.br\CLC\01_Processos_e_Aquisicoes\Base de Conhecimento - Thiago\01_Normativos_Vigentes\05_TCE_PI\Outros_Normativos\IN TCE-PI nº 06.2017 - Sistemas Licitacoes Contratos e Obras Web.md,C:\Users\thiagonogueira\OneDrive - mppi.mp.br\CLC\01_Processos_e_Aquisicoes\Base de Conhecimento - Thiago\01_Normativos_Vigentes\05_TCE_PI\Instrucoes_Normativas\Instrução Normativa TCEPI - n6.0 - 2017.md
2026-10-03T13:50:52,OK,C:\Users\thiagonogueira\OneDrive - mppi.mp.br\CLC\01_Processos_e_Aquisicoes\Base de Conhecimento - Thiago\01_Normativos_Vigentes\05_TCE_PI\Resolucoes\Resolucao TCE-PI nº 10.2020 - Procedimento de Levantamento.md,C:\Users\thiagonogueira\OneDrive - mppi.mp.br\CLC\01_Processos_e_Aquisicoes\Base de Conhecimento - Thiago\01_Normativos_Vigentes\05_TCE_PI\Resolucoes\Resolução TCE - n10.0 - 2020.md
2026-10-03T13:50:52,OK,C:\Users\thiagonogueira\OneDrive - mppi.mp.br\CLC\01_Processos_e_Aquisicoes\Base de Conhecimento - Thiago\01_Normativos_Vigentes\05_TCE_PI\Resolucoes\Resolucao TCE-PI nº 19.2024 - Regimento Interno do TCE-PI.md,C:\Users\thiagonogueira\OneDrive - mppi.mp.br\CLC\01_Processos_e_Aquisicoes\Base de Conhecimento - Thiago\01_Normativos_Vigentes\05_TCE_PI\Resolucoes\Resolução TCE - n19.0 - 2024.md
2026-10-03T13:50:52,OK,C:\Users\thiagonogueira\OneDrive - mppi.mp.br\CLC\01_Processos_e_Aquisicoes\Base de Conhecimento - Thiago\01_Normativos_Vigentes\05_TCE_PI\Resolucoes\Resolucao TCE-PI nº 20.2024 - Alteracao Regimental.md,C:\Users\thiagonogueira\OneDrive - mppi.mp.br\CLC\01_Processos_e_Aquisicoes\Base de Conhecimento - Thiago\01_Normativos_Vigentes\05_TCE_PI\Resolucoes\Resolução TCE - n20.0 - 2024.md
2026-10-03T13:50:52,OK,C:\Users\thiagonogueira\OneDrive - mppi.mp.br\CLC\01_Processos_e_Aquisicoes\Base de Conhecimento - Thiago\01_Normativos_Vigentes\05_TCE_PI\Instrucoes_Normativas\IN TCE-PI nº 07.2021 - Altera IN 06.2017 Licitacoes Web.md,C:\Users\thiagonogueira\OneDrive - mppi.mp.br\CLC\01_Processos_e_Aquisicoes\Base de Conhecimento - Thiago\01_Normativos_Vigentes\05_TCE_PI\Resolucoes\Resolução TCE - n37.0 - 2024.md
2026-10-03T13:50:52,OK,C:\Users\thiagonogueira\OneDrive - mppi.mp.br\CLC\01_Processos_e_Aquisicoes\Base de Conhecimento - Thiago\01_Normativos_Vigentes\05_TCE_PI\Resolucoes\Resolucao TCE-PI nº 09.2025 - Padroes Decisoes e Acordaos.md,C:\Users\thiagonogueira\OneDrive - mppi.mp.br\CLC\01_Processos_e_Aquisicoes\Base de Conhecimento - Thiago\01_Normativos_Vigentes\05_TCE_PI\Resolucoes\Resolução TCE - n9.0 - 2025.md
2026-10-03T13:50:52,OK,C:\Users\thiagonogueira\OneDrive - mppi.mp.br\CLC\01_Processos_e_Aquisicoes\Base de Conhecimento - Thiago\01_Normativos_Vigentes\06_TJPI\Acordaos_Pareceres_Orientacoes\Modelo de Justificativa Tecnico-Administrativa TJPI (Parecer do Agente).md,C:\Users\thiagonogueira\OneDrive - mppi.mp.br\CLC\01_Processos_e_Aquisicoes\Base de Conhecimento - Thiago\01_Normativos_Vigentes\06_TJPI\Acordaos_Pareceres_Orientacoes\SEI_TJPI - 7071569 - Justificativa (Parecer Agente).md
2026-10-03T13:50:52,OK,C:\Users\thiagonogueira\OneDrive - mppi.mp.br\CLC\01_Processos_e_Aquisicoes\Base de Conhecimento - Thiago\01_Normativos_Vigentes\06_TJPI\Outros_Normativos\Fluxogramas de Processos Licitatorios TJPI.md,C:\Users\thiagonogueira\OneDrive - mppi.mp.br\CLC\01_Processos_e_Aquisicoes\Base de Conhecimento - Thiago\01_Normativos_Vigentes\06_TJPI\Outros_Normativos\Fluxogramas_Atualizados.md
2026-10-03T13:50:52,OK,C:\Users\thiagonogueira\OneDrive - mppi.mp.br\CLC\01_Processos_e_Aquisicoes\Base de Conhecimento - Thiago\01_Normativos_Vigentes\06_TJPI\Outros_Normativos\Analise de Primeira Linha SLC TJPI - Controle Interno.md,C:\Users\thiagonogueira\OneDrive - mppi.mp.br\CLC\01_Processos_e_Aquisicoes\Base de Conhecimento - Thiago\01_Normativos_Vigentes\06_TJPI\Outros_Normativos\SEI_TJPI - 7097234 - Análise de Primeira Linha da SLC.md
2026-10-03T13:50:52,OK,C:\Users\thiagonogueira\OneDrive - mppi.mp.br\CLC\01_Processos_e_Aquisicoes\Base de Conhecimento - Thiago\01_Normativos_Vigentes\06_TJPI\Outros_Normativos\Lista de Verificacao SLC TJPI - Servicos e Licitacoes.md,C:\Users\thiagonogueira\OneDrive - mppi.mp.br\CLC\01_Processos_e_Aquisicoes\Base de Conhecimento - Thiago\01_Normativos_Vigentes\06_TJPI\Outros_Normativos\SEI_TJPI - 7134934 - Lista de Verificação (SLC).md
2026-10-03T13:50:52,OK,C:\Users\thiagonogueira\OneDrive - mppi.mp.br\CLC\01_Processos_e_Aquisicoes\Base de Conhecimento - Thiago\01_Normativos_Vigentes\06_TJPI\Outros_Normativos\Modelo de Aviso de Dispensa de Licitacao TJPI.md,C:\Users\thiagonogueira\OneDrive - mppi.mp.br\CLC\01_Processos_e_Aquisicoes\Base de Conhecimento - Thiago\01_Normativos_Vigentes\06_TJPI\Outros_Normativos\SEI_TJPI - 7176291 - Aviso Dispensa Licitação.md
2026-10-03T13:50:52,OK,C:\Users\thiagonogueira\OneDrive - mppi.mp.br\CLC\01_Processos_e_Aquisicoes\Base de Conhecimento - Thiago\01_Normativos_Vigentes\06_TJPI\Portarias\Portaria TJPI nº 2899.2023 - Dispensa de Licitacao.md,C:\Users\thiagonogueira\OneDrive - mppi.mp.br\CLC\01_Processos_e_Aquisicoes\Base de Conhecimento - Thiago\01_Normativos_Vigentes\06_TJPI\Portarias\Portaria_n_2899_2023-dispensa_licitacao.md
2026-10-03T13:50:52,OK,C:\Users\thiagonogueira\OneDrive - mppi.mp.br\CLC\01_Processos_e_Aquisicoes\Base de Conhecimento - Thiago\01_Normativos_Vigentes\05_TCE_PI\Acordaos_Pareceres_Orientacoes\Acordao TCE-PI 300.2025 - Primeira Camara - Irregularidades Pregao e Adesao ARP.md,C:\Users\thiagonogueira\OneDrive - mppi.mp.br\CLC\01_Processos_e_Aquisicoes\Base de Conhecimento - Thiago\02_Jurisprudencia_e_Orientacoes\Acordaos_TCE_PI\Acórdão TCE - n3001 - 2025.md
2026-10-03T13:50:52,OK,C:\Users\thiagonogueira\OneDrive - mppi.mp.br\CLC\01_Processos_e_Aquisicoes\Base de Conhecimento - Thiago\02_Jurisprudencia_e_Orientacoes\Boletins_TCE_PI\Boletim de Jurisprudencia TCE-PI - Consolidado Anual 2023.md,C:\Users\thiagonogueira\OneDrive - mppi.mp.br\CLC\01_Processos_e_Aquisicoes\Base de Conhecimento - Thiago\02_Jurisprudencia_e_Orientacoes\Boletins_TCE_PI\merged 2023.md
2026-10-03T13:50:52,OK,C:\Users\thiagonogueira\OneDrive - mppi.mp.br\CLC\01_Processos_e_Aquisicoes\Base de Conhecimento - Thiago\02_Jurisprudencia_e_Orientacoes\Boletins_TCE_PI\Boletim de Jurisprudencia TCE-PI - Consolidado Anual 2025.md,C:\Users\thiagonogueira\OneDrive - mppi.mp.br\CLC\01_Processos_e_Aquisicoes\Base de Conhecimento - Thiago\02_Jurisprudencia_e_Orientacoes\Boletins_TCE_PI\merged 2025.md
2026-10-03T13:50:52,OK,C:\Users\thiagonogueira\OneDrive - mppi.mp.br\CLC\01_Processos_e_Aquisicoes\Base de Conhecimento - Thiago\02_Jurisprudencia_e_Orientacoes\MJRs_MPPI\MJR nº 922024APPL - Dispensa de Licitação - Art 75 I e II\MJR 92 - Contratações Diretas - Art 75 I e II.md,C:\Users\thiagonogueira\OneDrive - mppi.mp.br\CLC\01_Processos_e_Aquisicoes\Base de Conhecimento - Thiago\02_Jurisprudencia_e_Orientacoes\MJRs_MPPI\Manifestação Jurídico Referencial - MJR - n92 - 2024.md
2026-10-03T13:50:52,OK,C:\Users\thiagonogueira\OneDrive - mppi.mp.br\CLC\01_Processos_e_Aquisicoes\Base de Conhecimento - Thiago\02_Jurisprudencia_e_Orientacoes\MJRs_MPPI\MJR nº 562025APPL - Troca de Marca Contrato ou ARP\MJR 56 - Pedido de Substituicao de Marca Contrato ou ARP.md,C:\Users\thiagonogueira\OneDrive - mppi.mp.br\CLC\01_Processos_e_Aquisicoes\Base de Conhecimento - Thiago\02_Jurisprudencia_e_Orientacoes\MJRs_MPPI\MJR 56 - Pedido de Substituição de Marca.md
2026-10-03T13:50:52,OK,C:\Users\thiagonogueira\OneDrive - mppi.mp.br\CLC\01_Processos_e_Aquisicoes\Base de Conhecimento - Thiago\03_Modelos_e_Minutas\Modelos_SEAD_PI\Cartilha de Mensagens Padronizadas para Agente de Contratacao (SEAD-PI).md,C:\Users\thiagonogueira\OneDrive - mppi.mp.br\CLC\01_Processos_e_Aquisicoes\Base de Conhecimento - Thiago\03_Modelos_e_Minutas\Modelos_SEAD_PI\CARTILHA-DE-MENSAGENS-PADRONIZADAS-PARA-AGENTE-DE-CONTRATACAO.md
2026-10-03T13:50:52,OK,C:\Users\thiagonogueira\OneDrive - mppi.mp.br\CLC\01_Processos_e_Aquisicoes\Base de Conhecimento - Thiago\04_Sistemas_e_Catalogos\Manuais_Sistemas_Oficiais\Compras.gov.br - Tutorial de Publicacao de Dispensas COM Disputa no Novo DC.md,C:\Users\thiagonogueira\OneDrive - mppi.mp.br\CLC\01_Processos_e_Aquisicoes\Base de Conhecimento - Thiago\04_Sistemas_e_Catalogos\Manuais_Sistemas_Oficiais\Compras.gov.br – Tutorial de como publicar dispensas com disputa no Novo DC.md
2026-10-03T13:50:52,OK,C:\Users\thiagonogueira\OneDrive - mppi.mp.br\CLC\01_Processos_e_Aquisicoes\Base de Conhecimento - Thiago\04_Sistemas_e_Catalogos\Manuais_Sistemas_Oficiais\Compras.gov.br - Tutorial de Publicacao de Dispensas SEM Disputa e Inexigibilidades no Novo DC.md,C:\Users\thiagonogueira\OneDrive - mppi.mp.br\CLC\01_Processos_e_Aquisicoes\Base de Conhecimento - Thiago\04_Sistemas_e_Catalogos\Manuais_Sistemas_Oficiais\Compras.gov.br – Tutorial de como publicar dispensas sem disputa e inexibilidades no Novo DC.md
2026-10-03T13:50:52,OK,C:\Users\thiagonogueira\OneDrive - mppi.mp.br\CLC\01_Processos_e_Aquisicoes\Base de Conhecimento - Thiago\04_Sistemas_e_Catalogos\Manuais_Sistemas_Oficiais\TJMA - Checklist de Dispensa Eletronica na Lei 14.133.md,C:\Users\thiagonogueira\OneDrive - mppi.mp.br\CLC\01_Processos_e_Aquisicoes\Base de Conhecimento - Thiago\04_Sistemas_e_Catalogos\Manuais_Sistemas_Oficiais\TJMA - checklist_dispensa_eletronica_24_10_2023_19_20_10.md
2026-10-03T13:50:52,OK,C:\Users\thiagonogueira\OneDrive - mppi.mp.br\CLC\01_Processos_e_Aquisicoes\Base de Conhecimento - Thiago\04_Sistemas_e_Catalogos\Manuais_Sistemas_Oficiais\Banco_de_Precos\Banco de Precos - Passo a Passo Como Convidar Fornecedores e Anexar TR.md,C:\Users\thiagonogueira\OneDrive - mppi.mp.br\CLC\01_Processos_e_Aquisicoes\Base de Conhecimento - Thiago\04_Sistemas_e_Catalogos\Manuais_Sistemas_Oficiais\Banco_de_Precos\Passo a Passo - Como Convidar Fornecedores + LOG + TR.md
2026-10-03T13:50:52,OK,C:\Users\thiagonogueira\OneDrive - mppi.mp.br\CLC\01_Processos_e_Aquisicoes\Base de Conhecimento - Thiago\01_Normativos_Vigentes\02_Estadual_PI\Leis\Lei Estadual 8914.2025 - Lei Orçamentária Anual LOA 2026.md,C:\Users\thiagonogueira\OneDrive - mppi.mp.br\CLC\01_Processos_e_Aquisicoes\Base de Conhecimento - Thiago\04_Sistemas_e_Catalogos\Orcamento_LOA_2026\loa-2026-lei-8.914.2025.md
2026-10-03T13:50:52,OK,C:\Users\thiagonogueira\OneDrive - mppi.mp.br\CLC\01_Processos_e_Aquisicoes\Base de Conhecimento - Thiago\05_Doutrina_e_Biblioteca\Biblioteca_Manuais_e_Cursos\Parecer AGU 00453.2024 - Renovacao de Quantitativos na Prorrogacao de ARP.md,C:\Users\thiagonogueira\OneDrive - mppi.mp.br\CLC\01_Processos_e_Aquisicoes\Base de Conhecimento - Thiago\05_Doutrina_e_Biblioteca\Biblioteca_Manuais_e_Cursos\Manuais\AGU – Parecer nº 00453-2024 – Renovação de quantitativos em caso de prorrogação da ata de registro de preços.md
2026-10-03T13:50:52,OK,C:\Users\thiagonogueira\OneDrive - mppi.mp.br\CLC\01_Processos_e_Aquisicoes\Base de Conhecimento - Thiago\05_Doutrina_e_Biblioteca\Biblioteca_Manuais_e_Cursos\Apostila Especializada - Curso de Contratacao Direta e Dispensa Eletronica com IA - Jamil Manasfi.md,C:\Users\thiagonogueira\OneDrive - mppi.mp.br\CLC\01_Processos_e_Aquisicoes\Base de Conhecimento - Thiago\05_Doutrina_e_Biblioteca\Biblioteca_Manuais_e_Cursos\Manuais\Apostila - CURSO DE CONTRATAÇÃO DIRETA E DISPENSA ELETRÔNICA COM IA - JAMIL - IINEX_ocred.md
2026-10-03T13:50:53,OK,C:\Users\thiagonogueira\OneDrive - mppi.mp.br\CLC\01_Processos_e_Aquisicoes\Base de Conhecimento - Thiago\05_Doutrina_e_Biblioteca\Biblioteca_Manuais_e_Cursos\Artigo Doutrinario - Existencia de Propostas Menores Impede Inexigibilidade por Notoria Especializacao.md,C:\Users\thiagonogueira\OneDrive - mppi.mp.br\CLC\01_Processos_e_Aquisicoes\Base de Conhecimento - Thiago\05_Doutrina_e_Biblioteca\Biblioteca_Manuais_e_Cursos\Manuais\Artigo - A existência de prop inferiores de outros profis impede a contratação por inex de not especialista.md
2026-10-03T13:50:53,OK,C:\Users\thiagonogueira\OneDrive - mppi.mp.br\CLC\01_Processos_e_Aquisicoes\Base de Conhecimento - Thiago\05_Doutrina_e_Biblioteca\Biblioteca_Manuais_e_Cursos\Artigo Doutrinario - A Fase Recursal na Nova Lei de Licitacoes - Analise Comparativa.md,"C:\Users\thiagonogueira\OneDrive - mppi.mp.br\CLC\01_Processos_e_Aquisicoes\Base de Conhecimento - Thiago\05_Doutrina_e_Biblioteca\Biblioteca_Manuais_e_Cursos\Manuais\Artigo - A fase recursal na nova Lei de Licitaçõesuma análise comparativa com as Leis n°8.66693, 10.5202002 e 12.462.md"
2026-10-03T13:50:53,OK,C:\Users\thiagonogueira\OneDrive - mppi.mp.br\CLC\01_Processos_e_Aquisicoes\Base de Conhecimento - Thiago\05_Doutrina_e_Biblioteca\Biblioteca_Manuais_e_Cursos\Artigo Doutrinario - Pesquisa de Precos Concomitante a Selecao da Proposta na Dispensa Eletronica.md,C:\Users\thiagonogueira\OneDrive - mppi.mp.br\CLC\01_Processos_e_Aquisicoes\Base de Conhecimento - Thiago\05_Doutrina_e_Biblioteca\Biblioteca_Manuais_e_Cursos\Manuais\Artigo - A Pesquisa de Preços Concomitante à Seleção da Proposta na Dispensa Eletrônica..md
2026-10-03T13:50:53,OK,C:\Users\thiagonogueira\OneDrive - mppi.mp.br\CLC\01_Processos_e_Aquisicoes\Base de Conhecimento - Thiago\05_Doutrina_e_Biblioteca\Biblioteca_Manuais_e_Cursos\Artigo Doutrinario - As Quatro Formatacoes da Dispensa por Valor na NLLC.md,C:\Users\thiagonogueira\OneDrive - mppi.mp.br\CLC\01_Processos_e_Aquisicoes\Base de Conhecimento - Thiago\05_Doutrina_e_Biblioteca\Biblioteca_Manuais_e_Cursos\Manuais\Artigo - As Quatro Formatações da Dispensa por Valor nos Termos da NLLC e as Regulamentações Pertinentes.md
2026-10-03T13:50:53,OK,C:\Users\thiagonogueira\OneDrive - mppi.mp.br\CLC\01_Processos_e_Aquisicoes\Base de Conhecimento - Thiago\05_Doutrina_e_Biblioteca\Biblioteca_Manuais_e_Cursos\Artigo Doutrinario - Como Formalizar a Prorrogacao da Vigencia de uma ARP.md,C:\Users\thiagonogueira\OneDrive - mppi.mp.br\CLC\01_Processos_e_Aquisicoes\Base de Conhecimento - Thiago\05_Doutrina_e_Biblioteca\Biblioteca_Manuais_e_Cursos\Manuais\Artigo - Como formalizar a prorrogação da vigência de uma ARP.md
2026-10-03T13:50:53,OK,C:\Users\thiagonogueira\OneDrive - mppi.mp.br\CLC\01_Processos_e_Aquisicoes\Base de Conhecimento - Thiago\05_Doutrina_e_Biblioteca\Biblioteca_Manuais_e_Cursos\Artigo Doutrinario - Impugnacoes Pedidos de Esclarecimento e Recursos nas Dispensas.md,"C:\Users\thiagonogueira\OneDrive - mppi.mp.br\CLC\01_Processos_e_Aquisicoes\Base de Conhecimento - Thiago\05_Doutrina_e_Biblioteca\Biblioteca_Manuais_e_Cursos\Manuais\Artigo - Das Impugnações, dos Pedidos de Esclarecimento e dos Recursos nas Dispensas de Licitação.md"
2026-10-03T13:50:53,OK,C:\Users\thiagonogueira\OneDrive - mppi.mp.br\CLC\01_Processos_e_Aquisicoes\Base de Conhecimento - Thiago\05_Doutrina_e_Biblioteca\Biblioteca_Manuais_e_Cursos\Artigo Doutrinario - Leonardo Mota - Dispensa de Licitacao na Nova Lei de Licitacoes.md,C:\Users\thiagonogueira\OneDrive - mppi.mp.br\CLC\01_Processos_e_Aquisicoes\Base de Conhecimento - Thiago\05_Doutrina_e_Biblioteca\Biblioteca_Manuais_e_Cursos\Manuais\Artigo - Leonardo Mota - Dispensa de licitação na nova Lei de Licitações e Contratos Administrativos.md
2026-10-03T13:50:53,OK,C:\Users\thiagonogueira\OneDrive - mppi.mp.br\CLC\01_Processos_e_Aquisicoes\Base de Conhecimento - Thiago\05_Doutrina_e_Biblioteca\Biblioteca_Manuais_e_Cursos\Artigo Doutrinario - Sem Singularidade nao ha Inexigibilidade.md,C:\Users\thiagonogueira\OneDrive - mppi.mp.br\CLC\01_Processos_e_Aquisicoes\Base de Conhecimento - Thiago\05_Doutrina_e_Biblioteca\Biblioteca_Manuais_e_Cursos\Manuais\Artigo - Sem Singularidade não há Inexigibilidade.md
2026-10-03T13:50:53,OK,C:\Users\thiagonogueira\OneDrive - mppi.mp.br\CLC\01_Processos_e_Aquisicoes\Base de Conhecimento - Thiago\05_Doutrina_e_Biblioteca\Biblioteca_Manuais_e_Cursos\Apostila Tecnica - Aspectos Gerais da Nova Lei de Licitacoes e Contratos 14133 - Jamil Manasfi.md,C:\Users\thiagonogueira\OneDrive - mppi.mp.br\CLC\01_Processos_e_Aquisicoes\Base de Conhecimento - Thiago\05_Doutrina_e_Biblioteca\Biblioteca_Manuais_e_Cursos\Manuais\Aspectos gerais da nova lei de licitações e contratos 14.133.21.md
2026-10-03T13:50:53,OK,C:\Users\thiagonogueira\OneDrive - mppi.mp.br\CLC\01_Processos_e_Aquisicoes\Base de Conhecimento - Thiago\05_Doutrina_e_Biblioteca\Biblioteca_Manuais_e_Cursos\Ato PGJ-MPAM 008.2024 - Procedimentos Administrativos de Contratacao de Bens e Servicos.md,C:\Users\thiagonogueira\OneDrive - mppi.mp.br\CLC\01_Processos_e_Aquisicoes\Base de Conhecimento - Thiago\05_Doutrina_e_Biblioteca\Biblioteca_Manuais_e_Cursos\Manuais\ATO 008_2024_PGJ - que define os procedimentos administrativos de contratação de bens e serviços no âmbito do MPAM.md
2026-10-03T13:50:53,OK,C:\Users\thiagonogueira\OneDrive - mppi.mp.br\CLC\01_Processos_e_Aquisicoes\Base de Conhecimento - Thiago\05_Doutrina_e_Biblioteca\Biblioteca_Manuais_e_Cursos\Manual Operacional - Gestao e Fiscalizacao Contratual no Sistema Contratos.gov.br.md,C:\Users\thiagonogueira\OneDrive - mppi.mp.br\CLC\01_Processos_e_Aquisicoes\Base de Conhecimento - Thiago\05_Doutrina_e_Biblioteca\Biblioteca_Manuais_e_Cursos\Manuais\Contratos.gov – Manual operacional de gestão e fiscalização contratual.md
2026-10-03T13:50:53,OK,C:\Users\thiagonogueira\OneDrive - mppi.mp.br\CLC\01_Processos_e_Aquisicoes\Base de Conhecimento - Thiago\05_Doutrina_e_Biblioteca\Biblioteca_Manuais_e_Cursos\Guia Referencial CGU - Identificacao Quantificacao e Mitigacao de Superfaturamento.md,"C:\Users\thiagonogueira\OneDrive - mppi.mp.br\CLC\01_Processos_e_Aquisicoes\Base de Conhecimento - Thiago\05_Doutrina_e_Biblioteca\Biblioteca_Manuais_e_Cursos\Manuais\Controladoria-Geral da União- Guia referencial para identificação, quantificaçao e mitigação de superfaturame.md"
2026-10-03T13:50:53,OK,C:\Users\thiagonogueira\OneDrive - mppi.mp.br\CLC\01_Processos_e_Aquisicoes\Base de Conhecimento - Thiago\05_Doutrina_e_Biblioteca\Biblioteca_Manuais_e_Cursos\Curso Pratico - Elaboracao de Termo de Referencia e Pesquisa de Precos - Parte 01.md,C:\Users\thiagonogueira\OneDrive - mppi.mp.br\CLC\01_Processos_e_Aquisicoes\Base de Conhecimento - Thiago\05_Doutrina_e_Biblioteca\Biblioteca_Manuais_e_Cursos\Manuais\Curso Elaboração do Termo de Referência e Pesquisa de Preços nas Contratações Públicas - Parte 01.md
2026-10-03T13:50:53,OK,C:\Users\thiagonogueira\OneDrive - mppi.mp.br\CLC\01_Processos_e_Aquisicoes\Base de Conhecimento - Thiago\05_Doutrina_e_Biblioteca\Biblioteca_Manuais_e_Cursos\Curso Pratico - Elaboracao de Termo de Referencia e Pesquisa de Precos - Parte 02.md,C:\Users\thiagonogueira\OneDrive - mppi.mp.br\CLC\01_Processos_e_Aquisicoes\Base de Conhecimento - Thiago\05_Doutrina_e_Biblioteca\Biblioteca_Manuais_e_Cursos\Manuais\Curso Elaboração do Termo de Referência e Pesquisa de Preços nas Contratações Públicas - Parte 02.md
2026-10-03T13:50:53,OK,C:\Users\thiagonogueira\OneDrive - mppi.mp.br\CLC\01_Processos_e_Aquisicoes\Base de Conhecimento - Thiago\05_Doutrina_e_Biblioteca\Biblioteca_Manuais_e_Cursos\Decreto Municipal PMT 24750.2023 - Procedimentos da Nova Lei de Licitacoes.md,C:\Users\thiagonogueira\OneDrive - mppi.mp.br\CLC\01_Processos_e_Aquisicoes\Base de Conhecimento - Thiago\05_Doutrina_e_Biblioteca\Biblioteca_Manuais_e_Cursos\Manuais\Decreto PMT 24750.2023.md
2026-10-03T13:50:53,OK,C:\Users\thiagonogueira\OneDrive - mppi.mp.br\CLC\01_Processos_e_Aquisicoes\Base de Conhecimento - Thiago\05_Doutrina_e_Biblioteca\Biblioteca_Manuais_e_Cursos\Decreto Municipal PMT 25530.2024 - Regulamentacao da Contratacao Direta.md,C:\Users\thiagonogueira\OneDrive - mppi.mp.br\CLC\01_Processos_e_Aquisicoes\Base de Conhecimento - Thiago\05_Doutrina_e_Biblioteca\Biblioteca_Manuais_e_Cursos\Manuais\Decreto PMT 25530.2024 - Regula-o-procedimento-de-contratacao-direta.md
2026-10-03T13:50:53,OK,C:\Users\thiagonogueira\OneDrive - mppi.mp.br\CLC\01_Processos_e_Aquisicoes\Base de Conhecimento - Thiago\05_Doutrina_e_Biblioteca\Biblioteca_Manuais_e_Cursos\Guia E-BOX 01 - Estudo Tecnico Preliminar para Aquisicoes e Servicos em Geral - Hamilton Bonatto.md,C:\Users\thiagonogueira\OneDrive - mppi.mp.br\CLC\01_Processos_e_Aquisicoes\Base de Conhecimento - Thiago\05_Doutrina_e_Biblioteca\Biblioteca_Manuais_e_Cursos\Manuais\E-BOX 01 - ESTUDO TÉCNICO PRELIMINAR - AQUISIÇÕES - SERVIÇOS EM GERAL.md
2026-10-03T13:50:53,OK,C:\Users\thiagonogueira\OneDrive - mppi.mp.br\CLC\01_Processos_e_Aquisicoes\Base de Conhecimento - Thiago\05_Doutrina_e_Biblioteca\Biblioteca_Manuais_e_Cursos\Guia E-BOX 02 - Estudo Tecnico Preliminar para Obras e Servicos de Engenharia - Hamilton Bonatto.md,C:\Users\thiagonogueira\OneDrive - mppi.mp.br\CLC\01_Processos_e_Aquisicoes\Base de Conhecimento - Thiago\05_Doutrina_e_Biblioteca\Biblioteca_Manuais_e_Cursos\Manuais\E-BOX 02 - ESTUDO TÉCNICO PRELIMINAR - OBRAS E SERVIÇOS DE ENGENHARIA.md
2026-10-03T13:50:53,OK,C:\Users\thiagonogueira\OneDrive - mppi.mp.br\CLC\01_Processos_e_Aquisicoes\Base de Conhecimento - Thiago\05_Doutrina_e_Biblioteca\Biblioteca_Manuais_e_Cursos\Guia E-BOX 03 - Estudo Tecnico Preliminar para Solucoes de TIC - Hamilton Bonatto.md,C:\Users\thiagonogueira\OneDrive - mppi.mp.br\CLC\01_Processos_e_Aquisicoes\Base de Conhecimento - Thiago\05_Doutrina_e_Biblioteca\Biblioteca_Manuais_e_Cursos\Manuais\E-BOX 03 - ESTUDO TÉCNICO PRELIMINAR TIC.md
2026-10-03T13:50:53,OK,C:\Users\thiagonogueira\OneDrive - mppi.mp.br\CLC\01_Processos_e_Aquisicoes\Base de Conhecimento - Thiago\05_Doutrina_e_Biblioteca\Biblioteca_Manuais_e_Cursos\Caderno de Curso ENAP - Nova Lei de Licitacoes - Planejamento e Governanca.md,C:\Users\thiagonogueira\OneDrive - mppi.mp.br\CLC\01_Processos_e_Aquisicoes\Base de Conhecimento - Thiago\05_Doutrina_e_Biblioteca\Biblioteca_Manuais_e_Cursos\Manuais\Enap - Caderno de curso Nova lei de licitações - Planejamento e Governança.md
2026-10-03T13:50:53,OK,C:\Users\thiagonogueira\OneDrive - mppi.mp.br\CLC\01_Processos_e_Aquisicoes\Base de Conhecimento - Thiago\05_Doutrina_e_Biblioteca\Biblioteca_Manuais_e_Cursos\Estudo Tematico TCE-MG - Terceirizacao na Administracao Publica - Levantamento Jurisprudencial.md,C:\Users\thiagonogueira\OneDrive - mppi.mp.br\CLC\01_Processos_e_Aquisicoes\Base de Conhecimento - Thiago\05_Doutrina_e_Biblioteca\Biblioteca_Manuais_e_Cursos\Manuais\Estudo Temático do TCE-MG (fev-2025)- Terceirização na Administração Pública - Um levantamento jurisprudencia.md
2026-10-03T13:50:53,OK,C:\Users\thiagonogueira\OneDrive - mppi.mp.br\CLC\01_Processos_e_Aquisicoes\Base de Conhecimento - Thiago\05_Doutrina_e_Biblioteca\Biblioteca_Manuais_e_Cursos\Estudo Tematico - Participacao de Empresas em Recuperacao Judicial em Licitacoes Publicas.md,C:\Users\thiagonogueira\OneDrive - mppi.mp.br\CLC\01_Processos_e_Aquisicoes\Base de Conhecimento - Thiago\05_Doutrina_e_Biblioteca\Biblioteca_Manuais_e_Cursos\Manuais\estudo_tematico_recuperacao_judicial.md
2026-10-03T13:50:53,OK,C:\Users\thiagonogueira\OneDrive - mppi.mp.br\CLC\01_Processos_e_Aquisicoes\Base de Conhecimento - Thiago\05_Doutrina_e_Biblioteca\Biblioteca_Manuais_e_Cursos\Caderno de Logistica - Pesquisa de Precos nas Contratacoes Publicas - Governo Federal.md,C:\Users\thiagonogueira\OneDrive - mppi.mp.br\CLC\01_Processos_e_Aquisicoes\Base de Conhecimento - Thiago\05_Doutrina_e_Biblioteca\Biblioteca_Manuais_e_Cursos\Manuais\Federal - Caderno de Logistica - Pesquisa de Preços - 2017.md
2026-10-03T13:50:53,OK,C:\Users\thiagonogueira\OneDrive - mppi.mp.br\CLC\01_Processos_e_Aquisicoes\Base de Conhecimento - Thiago\05_Doutrina_e_Biblioteca\Biblioteca_Manuais_e_Cursos\Fluxograma Operacional - Atos para Aplicacao de Sancoes Contratuais.md,C:\Users\thiagonogueira\OneDrive - mppi.mp.br\CLC\01_Processos_e_Aquisicoes\Base de Conhecimento - Thiago\05_Doutrina_e_Biblioteca\Biblioteca_Manuais_e_Cursos\Manuais\FLUXOGRAMA ATOS PARA A APLICAÇÃO DE SANÇÕES CONTRATUAIS (1) - Copia.md
2026-10-03T13:50:53,OK,C:\Users\thiagonogueira\OneDrive - mppi.mp.br\CLC\01_Processos_e_Aquisicoes\Base de Conhecimento - Thiago\05_Doutrina_e_Biblioteca\Biblioteca_Manuais_e_Cursos\Guia Pratico CGU - Contratacoes em Situacoes de Calamidade Publica - MP 1221.md,C:\Users\thiagonogueira\OneDrive - mppi.mp.br\CLC\01_Processos_e_Aquisicoes\Base de Conhecimento - Thiago\05_Doutrina_e_Biblioteca\Biblioteca_Manuais_e_Cursos\Manuais\Guia Prático de Contratações em Situações de Calamidade Pública da CGU – Conforme a Medida Provisória nº 1.22.md
2026-10-03T13:50:53,OK,C:\Users\thiagonogueira\OneDrive - mppi.mp.br\CLC\01_Processos_e_Aquisicoes\Base de Conhecimento - Thiago\05_Doutrina_e_Biblioteca\Biblioteca_Manuais_e_Cursos\Guia Pratico - Reembolso-Creche nos Contratos com Dedicacao Exclusiva de Mao de Obra.md,C:\Users\thiagonogueira\OneDrive - mppi.mp.br\CLC\01_Processos_e_Aquisicoes\Base de Conhecimento - Thiago\05_Doutrina_e_Biblioteca\Biblioteca_Manuais_e_Cursos\Manuais\GUIAREEMBOLSOCRECHEAbril_26.md
2026-10-03T13:50:53,OK,C:\Users\thiagonogueira\OneDrive - mppi.mp.br\CLC\01_Processos_e_Aquisicoes\Base de Conhecimento - Thiago\05_Doutrina_e_Biblioteca\Biblioteca_Manuais_e_Cursos\Guia de Boas Praticas - Contratacoes Publicas de Servicos de Publicidade.md,C:\Users\thiagonogueira\OneDrive - mppi.mp.br\CLC\01_Processos_e_Aquisicoes\Base de Conhecimento - Thiago\05_Doutrina_e_Biblioteca\Biblioteca_Manuais_e_Cursos\Manuais\Guia_boas_praticas_contratacoes_publicas_publicidade_4749af44f2.md
2026-10-03T13:50:53,OK,C:\Users\thiagonogueira\OneDrive - mppi.mp.br\CLC\01_Processos_e_Aquisicoes\Base de Conhecimento - Thiago\05_Doutrina_e_Biblioteca\Biblioteca_Manuais_e_Cursos\Guia Conjunto MF-MGI - Inteligencia Artificial Generativa no Servico Publico.md,C:\Users\thiagonogueira\OneDrive - mppi.mp.br\CLC\01_Processos_e_Aquisicoes\Base de Conhecimento - Thiago\05_Doutrina_e_Biblioteca\Biblioteca_Manuais_e_Cursos\Manuais\ia-generativa-no-servico-publico.md
2026-10-03T13:50:53,OK,C:\Users\thiagonogueira\OneDrive - mppi.mp.br\CLC\01_Processos_e_Aquisicoes\Base de Conhecimento - Thiago\05_Doutrina_e_Biblioteca\Biblioteca_Manuais_e_Cursos\Guia INOVAGOV-SC - Planejamento de Contratacoes de Inovacao no Setor Publico.md,C:\Users\thiagonogueira\OneDrive - mppi.mp.br\CLC\01_Processos_e_Aquisicoes\Base de Conhecimento - Thiago\05_Doutrina_e_Biblioteca\Biblioteca_Manuais_e_Cursos\Manuais\INOVAGOV SC – Guia para Planejamento de Contratações de Inovação no Setor Público.md
2026-10-03T13:50:53,OK,C:\Users\thiagonogueira\OneDrive - mppi.mp.br\CLC\01_Processos_e_Aquisicoes\Base de Conhecimento - Thiago\05_Doutrina_e_Biblioteca\Biblioteca_Manuais_e_Cursos\Estudo IPEA - Desafios e Perspectivas das Compras Publicas no Brasil - Capitulo 03.md,C:\Users\thiagonogueira\OneDrive - mppi.mp.br\CLC\01_Processos_e_Aquisicoes\Base de Conhecimento - Thiago\05_Doutrina_e_Biblioteca\Biblioteca_Manuais_e_Cursos\Manuais\Livro - 218187_LV_Compras publicas_Cap03.md
2026-10-03T13:50:53,OK,C:\Users\thiagonogueira\OneDrive - mppi.mp.br\CLC\01_Processos_e_Aquisicoes\Base de Conhecimento - Thiago\05_Doutrina_e_Biblioteca\Biblioteca_Manuais_e_Cursos\Manual Doutrinario - Tipologia de Fraudes em Licitacoes e Mecanismos de Prevencao.md,C:\Users\thiagonogueira\OneDrive - mppi.mp.br\CLC\01_Processos_e_Aquisicoes\Base de Conhecimento - Thiago\05_Doutrina_e_Biblioteca\Biblioteca_Manuais_e_Cursos\Manuais\Livro - Aula 002 - PDFL -  (Capítulo Livro) TIPOLOGIA DE FRAUDES EM LICITAÇÃO.md
2026-10-03T13:50:53,OK,C:\Users\thiagonogueira\OneDrive - mppi.mp.br\CLC\01_Processos_e_Aquisicoes\Base de Conhecimento - Thiago\05_Doutrina_e_Biblioteca\Biblioteca_Manuais_e_Cursos\Manual - Capitulo de Compras Governamentais no Brasil - Visao Geral e Fundamentos.md,C:\Users\thiagonogueira\OneDrive - mppi.mp.br\CLC\01_Processos_e_Aquisicoes\Base de Conhecimento - Thiago\05_Doutrina_e_Biblioteca\Biblioteca_Manuais_e_Cursos\Manuais\Manual - Capítulo de Compras Governamentais no Brasil.md
2026-10-03T13:50:53,OK,C:\Users\thiagonogueira\OneDrive - mppi.mp.br\CLC\01_Processos_e_Aquisicoes\Base de Conhecimento - Thiago\05_Doutrina_e_Biblioteca\Biblioteca_Manuais_e_Cursos\Manual MPPI - Mapeamento e Melhoria de Processos de Trabalho.md,C:\Users\thiagonogueira\OneDrive - mppi.mp.br\CLC\01_Processos_e_Aquisicoes\Base de Conhecimento - Thiago\05_Doutrina_e_Biblioteca\Biblioteca_Manuais_e_Cursos\Manuais\Manual-de-Mapeamento-e-Melhoria-de-Processos-do-MPPI-1.md
2026-10-03T13:50:53,OK,C:\Users\thiagonogueira\OneDrive - mppi.mp.br\CLC\01_Processos_e_Aquisicoes\Base de Conhecimento - Thiago\05_Doutrina_e_Biblioteca\Biblioteca_Manuais_e_Cursos\Manual MGI - Modelo de Maturidade de Dados no Setor Publico.md,C:\Users\thiagonogueira\OneDrive - mppi.mp.br\CLC\01_Processos_e_Aquisicoes\Base de Conhecimento - Thiago\05_Doutrina_e_Biblioteca\Biblioteca_Manuais_e_Cursos\Manuais\MGIS - Modelo Maturidade de Dado MMD.md
2026-10-03T13:50:53,OK,C:\Users\thiagonogueira\OneDrive - mppi.mp.br\CLC\01_Processos_e_Aquisicoes\Base de Conhecimento - Thiago\05_Doutrina_e_Biblioteca\Biblioteca_Manuais_e_Cursos\Nota Tecnica 05.2024 - Procedimentos e Fluxo da Dispensa Eletronica.md,C:\Users\thiagonogueira\OneDrive - mppi.mp.br\CLC\01_Processos_e_Aquisicoes\Base de Conhecimento - Thiago\05_Doutrina_e_Biblioteca\Biblioteca_Manuais_e_Cursos\Manuais\Nota Técnica 5-2024 (Dispensa Licitação Eletrônica).md
2026-10-03T13:50:53,OK,C:\Users\thiagonogueira\OneDrive - mppi.mp.br\CLC\01_Processos_e_Aquisicoes\Base de Conhecimento - Thiago\05_Doutrina_e_Biblioteca\Biblioteca_Manuais_e_Cursos\Nota Tecnica Conjunta ATRICON-IRB 01.2026 - Diretrizes para Controle e Transparencia.md,C:\Users\thiagonogueira\OneDrive - mppi.mp.br\CLC\01_Processos_e_Aquisicoes\Base de Conhecimento - Thiago\05_Doutrina_e_Biblioteca\Biblioteca_Manuais_e_Cursos\Manuais\NOTA TÉCNICA CONJUNTA ATRICON-IRB Nº 01-2026.md
2026-10-03T13:50:53,OK,C:\Users\thiagonogueira\OneDrive - mppi.mp.br\CLC\01_Processos_e_Aquisicoes\Base de Conhecimento - Thiago\05_Doutrina_e_Biblioteca\Biblioteca_Manuais_e_Cursos\Nota Tecnica 18.2026 - Alimentacao Artificial de Praias - Aspectos Tecnicos e Juridicos.md,C:\Users\thiagonogueira\OneDrive - mppi.mp.br\CLC\01_Processos_e_Aquisicoes\Base de Conhecimento - Thiago\05_Doutrina_e_Biblioteca\Biblioteca_Manuais_e_Cursos\Manuais\Nota Técnica N° 18_2026 - Leis.org.md
2026-10-03T13:50:53,OK,C:\Users\thiagonogueira\OneDrive - mppi.mp.br\CLC\01_Processos_e_Aquisicoes\Base de Conhecimento - Thiago\05_Doutrina_e_Biblioteca\Biblioteca_Manuais_e_Cursos\Orientacao Tecnica - Reequilibrio Economico-Financeiro Contratual.md,C:\Users\thiagonogueira\OneDrive - mppi.mp.br\CLC\01_Processos_e_Aquisicoes\Base de Conhecimento - Thiago\05_Doutrina_e_Biblioteca\Biblioteca_Manuais_e_Cursos\Manuais\ORIENTACAO-TECNICA-REEQUILIBRIO-ECONOMICO-FINANCEIRO.md
2026-10-03T13:50:53,OK,C:\Users\thiagonogueira\OneDrive - mppi.mp.br\CLC\01_Processos_e_Aquisicoes\Base de Conhecimento - Thiago\05_Doutrina_e_Biblioteca\Biblioteca_Manuais_e_Cursos\Manual Metodologico - Inventario de Riscos e Controles nas Contratacoes Publicas.md,C:\Users\thiagonogueira\OneDrive - mppi.mp.br\CLC\01_Processos_e_Aquisicoes\Base de Conhecimento - Thiago\05_Doutrina_e_Biblioteca\Biblioteca_Manuais_e_Cursos\Manuais\Palestra - Inventário de Riscos e Controles nas contratações públicas.md
2026-10-03T13:50:53,OK,C:\Users\thiagonogueira\OneDrive - mppi.mp.br\CLC\01_Processos_e_Aquisicoes\Base de Conhecimento - Thiago\05_Doutrina_e_Biblioteca\Biblioteca_Manuais_e_Cursos\Parecer AGU 00003.2025-GAB-CGU - Atuacao do Orgao Consultivo e Segregacao de Funcoes.md,C:\Users\thiagonogueira\OneDrive - mppi.mp.br\CLC\01_Processos_e_Aquisicoes\Base de Conhecimento - Thiago\05_Doutrina_e_Biblioteca\Biblioteca_Manuais_e_Cursos\Manuais\PARECER n. 00003-2025-GAB-CGU-CGU-AGU.md
2026-10-03T13:50:53,OK,C:\Users\thiagonogueira\OneDrive - mppi.mp.br\CLC\01_Processos_e_Aquisicoes\Base de Conhecimento - Thiago\05_Doutrina_e_Biblioteca\Biblioteca_Manuais_e_Cursos\Parecer AGU 00004.2025-CNLCA - Reajuste e Repactuacao Contratual na Lei 14133.md,C:\Users\thiagonogueira\OneDrive - mppi.mp.br\CLC\01_Processos_e_Aquisicoes\Base de Conhecimento - Thiago\05_Doutrina_e_Biblioteca\Biblioteca_Manuais_e_Cursos\Manuais\PARECER n. 00004-2025-CNLCA-CGU-AGU.md
2026-10-03T13:50:53,OK,C:\Users\thiagonogueira\OneDrive - mppi.mp.br\CLC\01_Processos_e_Aquisicoes\Base de Conhecimento - Thiago\05_Doutrina_e_Biblioteca\Biblioteca_Manuais_e_Cursos\Parecer AGU 00005.2025-DECOR - Prorrogacao de Vigencia em Contratos Continuados e ON 65.md,C:\Users\thiagonogueira\OneDrive - mppi.mp.br\CLC\01_Processos_e_Aquisicoes\Base de Conhecimento - Thiago\05_Doutrina_e_Biblioteca\Biblioteca_Manuais_e_Cursos\Manuais\PARECER n. 00005-2025-DECOR-CGU-AGU.md
2026-10-03T13:50:53,OK,C:\Users\thiagonogueira\OneDrive - mppi.mp.br\CLC\01_Processos_e_Aquisicoes\Base de Conhecimento - Thiago\05_Doutrina_e_Biblioteca\Biblioteca_Manuais_e_Cursos\Parecer AGU 00006.2025-GAB-DECOR - Analise de Riscos e Matriz de Riscos Contratuais.md,C:\Users\thiagonogueira\OneDrive - mppi.mp.br\CLC\01_Processos_e_Aquisicoes\Base de Conhecimento - Thiago\05_Doutrina_e_Biblioteca\Biblioteca_Manuais_e_Cursos\Manuais\PARECER n. 00006-2025-GAB-DECOR-CGU-AGU.md
2026-10-03T13:50:53,OK,C:\Users\thiagonogueira\OneDrive - mppi.mp.br\CLC\01_Processos_e_Aquisicoes\Base de Conhecimento - Thiago\05_Doutrina_e_Biblioteca\Biblioteca_Manuais_e_Cursos\Parecer AGU 00006.2025-CNLCA - Participacao de Cooperativas e ME-EPP em Licitacoes.md,C:\Users\thiagonogueira\OneDrive - mppi.mp.br\CLC\01_Processos_e_Aquisicoes\Base de Conhecimento - Thiago\05_Doutrina_e_Biblioteca\Biblioteca_Manuais_e_Cursos\Manuais\PARECER n. 00006-2025CNLCA-CGU-AGU.md
2026-10-03T13:50:53,OK,C:\Users\thiagonogueira\OneDrive - mppi.mp.br\CLC\01_Processos_e_Aquisicoes\Base de Conhecimento - Thiago\05_Doutrina_e_Biblioteca\Biblioteca_Manuais_e_Cursos\Parecer AGU 00019.2025-DECOR - Fracionamento de Despesa e Limites do Art 75.md,C:\Users\thiagonogueira\OneDrive - mppi.mp.br\CLC\01_Processos_e_Aquisicoes\Base de Conhecimento - Thiago\05_Doutrina_e_Biblioteca\Biblioteca_Manuais_e_Cursos\Manuais\PARECER n. 00019-2025-DECOR-CGU-AGU.md
2026-10-03T13:50:53,OK,C:\Users\thiagonogueira\OneDrive - mppi.mp.br\CLC\01_Processos_e_Aquisicoes\Base de Conhecimento - Thiago\05_Doutrina_e_Biblioteca\Biblioteca_Manuais_e_Cursos\Parecer AGU 00196.2024-CJU-SCOM - Aquisicao de Bens e Servicos Comuns com Criterio Menor Preco.md,C:\Users\thiagonogueira\OneDrive - mppi.mp.br\CLC\01_Processos_e_Aquisicoes\Base de Conhecimento - Thiago\05_Doutrina_e_Biblioteca\Biblioteca_Manuais_e_Cursos\Manuais\PARECER n. 00196-2024-E-CJU-SCOM-CGU-AGU.md
2026-10-03T13:50:53,OK,C:\Users\thiagonogueira\OneDrive - mppi.mp.br\CLC\01_Processos_e_Aquisicoes\Base de Conhecimento - Thiago\05_Doutrina_e_Biblioteca\Biblioteca_Manuais_e_Cursos\Parecer AGU 00261.2024-CJU-SCOM - Adesao a Ata de Registro de Precos Carona e Requisitos.md,C:\Users\thiagonogueira\OneDrive - mppi.mp.br\CLC\01_Processos_e_Aquisicoes\Base de Conhecimento - Thiago\05_Doutrina_e_Biblioteca\Biblioteca_Manuais_e_Cursos\Manuais\PARECER n. 00261-2024-E-CJU-SCOM-CGU-AGU.md
2026-10-03T13:50:53,OK,C:\Users\thiagonogueira\OneDrive - mppi.mp.br\CLC\01_Processos_e_Aquisicoes\Base de Conhecimento - Thiago\05_Doutrina_e_Biblioteca\Biblioteca_Manuais_e_Cursos\Parecer AGU 00860.2023-CJU-SCOM - Contratacao por Inexigibilidade de Notoria Especializacao.md,C:\Users\thiagonogueira\OneDrive - mppi.mp.br\CLC\01_Processos_e_Aquisicoes\Base de Conhecimento - Thiago\05_Doutrina_e_Biblioteca\Biblioteca_Manuais_e_Cursos\Manuais\PARECER n. 00860-2023-ADV-E-CJU-SCOM-CGU-AGU.md
2026-10-03T13:50:53,OK,C:\Users\thiagonogueira\OneDrive - mppi.mp.br\CLC\01_Processos_e_Aquisicoes\Base de Conhecimento - Thiago\05_Doutrina_e_Biblioteca\Biblioteca_Manuais_e_Cursos\Parecer AGU 00880.2023-CJU-SCOM - Locacao de Imovel por Inexigibilidade de Licitacao.md,C:\Users\thiagonogueira\OneDrive - mppi.mp.br\CLC\01_Processos_e_Aquisicoes\Base de Conhecimento - Thiago\05_Doutrina_e_Biblioteca\Biblioteca_Manuais_e_Cursos\Manuais\PARECER n. 00880-2023-ADV-E-CJU-SCOM-CGU-AGU.md
2026-10-03T13:50:53,OK,C:\Users\thiagonogueira\OneDrive - mppi.mp.br\CLC\01_Processos_e_Aquisicoes\Base de Conhecimento - Thiago\05_Doutrina_e_Biblioteca\Biblioteca_Manuais_e_Cursos\Parecer AGU 00002.2025-CNLCA - Juntada de Documentos Apos Habilitacao e Diligencias Sanadoras.md,C:\Users\thiagonogueira\OneDrive - mppi.mp.br\CLC\01_Processos_e_Aquisicoes\Base de Conhecimento - Thiago\05_Doutrina_e_Biblioteca\Biblioteca_Manuais_e_Cursos\Manuais\PARECER Nº 00002-2025-CNLCA-CGU-AGU.md
2026-10-03T13:50:53,OK,C:\Users\thiagonogueira\OneDrive - mppi.mp.br\CLC\01_Processos_e_Aquisicoes\Base de Conhecimento - Thiago\05_Doutrina_e_Biblioteca\Biblioteca_Manuais_e_Cursos\Parecer AGU 00005.2025-CNLCA - Prorrogacao de Vigencia Contratual e ON 65 em Contratacoes Diretas.md,C:\Users\thiagonogueira\OneDrive - mppi.mp.br\CLC\01_Processos_e_Aquisicoes\Base de Conhecimento - Thiago\05_Doutrina_e_Biblioteca\Biblioteca_Manuais_e_Cursos\Manuais\PARECER Nº 00005-2025-CNLCA-CGU-AGU.md
2026-10-03T13:50:53,OK,C:\Users\thiagonogueira\OneDrive - mppi.mp.br\CLC\01_Processos_e_Aquisicoes\Base de Conhecimento - Thiago\05_Doutrina_e_Biblioteca\Biblioteca_Manuais_e_Cursos\Parecer AGU 00015.2024-CNLCA - Dispensa Manutencao de Veiculos Automotores Art 75 Par 7.md,C:\Users\thiagonogueira\OneDrive - mppi.mp.br\CLC\01_Processos_e_Aquisicoes\Base de Conhecimento - Thiago\05_Doutrina_e_Biblioteca\Biblioteca_Manuais_e_Cursos\Manuais\PARECER Nº 00015-2024-CNLCA-CGU-AGU.md
2026-10-03T13:50:53,OK,C:\Users\thiagonogueira\OneDrive - mppi.mp.br\CLC\01_Processos_e_Aquisicoes\Base de Conhecimento - Thiago\05_Doutrina_e_Biblioteca\Biblioteca_Manuais_e_Cursos\Parecer AGU 00017.2024-CNLCA - Exigencias e Indices de Habilitacao Economico-Financeira.md,C:\Users\thiagonogueira\OneDrive - mppi.mp.br\CLC\01_Processos_e_Aquisicoes\Base de Conhecimento - Thiago\05_Doutrina_e_Biblioteca\Biblioteca_Manuais_e_Cursos\Manuais\PARECER Nº 00017-2024-CNLCA-CGU-AGU.md
2026-10-03T13:50:53,OK,C:\Users\thiagonogueira\OneDrive - mppi.mp.br\CLC\01_Processos_e_Aquisicoes\Base de Conhecimento - Thiago\05_Doutrina_e_Biblioteca\Biblioteca_Manuais_e_Cursos\Parecer AGU 00019.2024-CNLCA - Criterios para Exigencia de Atestados de Capacidade Tecnica.md,C:\Users\thiagonogueira\OneDrive - mppi.mp.br\CLC\01_Processos_e_Aquisicoes\Base de Conhecimento - Thiago\05_Doutrina_e_Biblioteca\Biblioteca_Manuais_e_Cursos\Manuais\PARECER Nº 00019-2024-CNLCA-CGU-AGU.md
2026-10-03T13:50:53,OK,C:\Users\thiagonogueira\OneDrive - mppi.mp.br\CLC\01_Processos_e_Aquisicoes\Base de Conhecimento - Thiago\05_Doutrina_e_Biblioteca\Biblioteca_Manuais_e_Cursos\Parecer AGU 00023.2025-CGAQ - Parecer Padronizado em Contratacoes Diretas.md,C:\Users\thiagonogueira\OneDrive - mppi.mp.br\CLC\01_Processos_e_Aquisicoes\Base de Conhecimento - Thiago\05_Doutrina_e_Biblioteca\Biblioteca_Manuais_e_Cursos\Manuais\PARECER Nº 00023-2025-CGAQ-BSB-SCGP-CGU-AGU (1).md
2026-10-03T13:50:53,OK,C:\Users\thiagonogueira\OneDrive - mppi.mp.br\CLC\01_Processos_e_Aquisicoes\Base de Conhecimento - Thiago\05_Doutrina_e_Biblioteca\Biblioteca_Manuais_e_Cursos\Parecer AGU 00060.2024-DECOR - Orientacao Normativa e Uniformizacao em Licitacoes e Contratos.md,C:\Users\thiagonogueira\OneDrive - mppi.mp.br\CLC\01_Processos_e_Aquisicoes\Base de Conhecimento - Thiago\05_Doutrina_e_Biblioteca\Biblioteca_Manuais_e_Cursos\Manuais\PARECER Nº 00060-2024-DECOR-CGU-AGU (1).md
2026-10-03T13:50:53,OK,C:\Users\thiagonogueira\OneDrive - mppi.mp.br\CLC\01_Processos_e_Aquisicoes\Base de Conhecimento - Thiago\05_Doutrina_e_Biblioteca\Biblioteca_Manuais_e_Cursos\Parecer PGM 463.2024 - Instrucao e Conformidade da Contratacao Direta por Dispensa.md,C:\Users\thiagonogueira\OneDrive - mppi.mp.br\CLC\01_Processos_e_Aquisicoes\Base de Conhecimento - Thiago\05_Doutrina_e_Biblioteca\Biblioteca_Manuais_e_Cursos\Manuais\PARECER Nº 4632024-PLCCAPGM - Contratação direta por dispensa de licitação.md
2026-10-03T13:50:53,OK,C:\Users\thiagonogueira\OneDrive - mppi.mp.br\CLC\01_Processos_e_Aquisicoes\Base de Conhecimento - Thiago\05_Doutrina_e_Biblioteca\Biblioteca_Manuais_e_Cursos\Parecer AGU 00003.2026-CONUNI - Uniformizacao sobre Modalidades e Criterios de Julgamento.md,C:\Users\thiagonogueira\OneDrive - mppi.mp.br\CLC\01_Processos_e_Aquisicoes\Base de Conhecimento - Thiago\05_Doutrina_e_Biblioteca\Biblioteca_Manuais_e_Cursos\Manuais\Parecer1774358321.md
2026-10-03T13:50:53,OK,C:\Users\thiagonogueira\OneDrive - mppi.mp.br\CLC\01_Processos_e_Aquisicoes\Base de Conhecimento - Thiago\05_Doutrina_e_Biblioteca\Biblioteca_Manuais_e_Cursos\Parecer AGU 00002.2026-CNCIC - Acordo de Cooperacao Tecnica com Entidades Privadas Lucrativas.md,C:\Users\thiagonogueira\OneDrive - mppi.mp.br\CLC\01_Processos_e_Aquisicoes\Base de Conhecimento - Thiago\05_Doutrina_e_Biblioteca\Biblioteca_Manuais_e_Cursos\Manuais\Parecer1776093267.md
2026-10-03T13:50:53,OK,C:\Users\thiagonogueira\OneDrive - mppi.mp.br\CLC\01_Processos_e_Aquisicoes\Base de Conhecimento - Thiago\05_Doutrina_e_Biblioteca\Biblioteca_Manuais_e_Cursos\Parecer AGU 00002.2022-CPLC - Dosimetria e Aplicacao de Penalidades Contratuais.md,C:\Users\thiagonogueira\OneDrive - mppi.mp.br\CLC\01_Processos_e_Aquisicoes\Base de Conhecimento - Thiago\05_Doutrina_e_Biblioteca\Biblioteca_Manuais_e_Cursos\Manuais\PARECERn000022022CPLCdosimetriapenalidadecontratual.md
2026-10-03T13:50:53,OK,C:\Users\thiagonogueira\OneDrive - mppi.mp.br\CLC\01_Processos_e_Aquisicoes\Base de Conhecimento - Thiago\05_Doutrina_e_Biblioteca\Biblioteca_Manuais_e_Cursos\Manual Consultivo - Perguntas e Respostas sobre Licitacoes e Contratos Administrativos.md,C:\Users\thiagonogueira\OneDrive - mppi.mp.br\CLC\01_Processos_e_Aquisicoes\Base de Conhecimento - Thiago\05_Doutrina_e_Biblioteca\Biblioteca_Manuais_e_Cursos\Manuais\Perguntas e Respostas- Licitações e Contratações.md
2026-10-03T13:50:53,OK,C:\Users\thiagonogueira\OneDrive - mppi.mp.br\CLC\01_Processos_e_Aquisicoes\Base de Conhecimento - Thiago\05_Doutrina_e_Biblioteca\Biblioteca_Manuais_e_Cursos\Artigo Zenite - Descricao da Necessidade no ETP e Consequencias da Instrucao Deficiente.md,C:\Users\thiagonogueira\OneDrive - mppi.mp.br\CLC\01_Processos_e_Aquisicoes\Base de Conhecimento - Thiago\05_Doutrina_e_Biblioteca\Biblioteca_Manuais_e_Cursos\Manuais\Planejamento_ fundamento legal par.md
2026-10-03T13:50:54,OK,C:\Users\thiagonogueira\OneDrive - mppi.mp.br\CLC\01_Processos_e_Aquisicoes\Base de Conhecimento - Thiago\05_Doutrina_e_Biblioteca\Biblioteca_Manuais_e_Cursos\Portaria SEGES-ME 8678.2021 - Governanca das Contratacoes Publicas Federais.md,"C:\Users\thiagonogueira\OneDrive - mppi.mp.br\CLC\01_Processos_e_Aquisicoes\Base de Conhecimento - Thiago\05_Doutrina_e_Biblioteca\Biblioteca_Manuais_e_Cursos\Manuais\PORTARIA SEGES_ME Nº 8.678, DE 19 DE JULHO DE 2021 — Portal de Compras do Governo Federal.md"
2026-10-03T13:50:54,OK,C:\Users\thiagonogueira\OneDrive - mppi.mp.br\CLC\01_Processos_e_Aquisicoes\Base de Conhecimento - Thiago\02_Jurisprudencia_e_Orientacoes\Enunciados_2_Simposio_Licitacoes_Justica_Federal.md,C:\Users\thiagonogueira\OneDrive - mppi.mp.br\CLC\01_Processos_e_Aquisicoes\Base de Conhecimento - Thiago\05_Doutrina_e_Biblioteca\Biblioteca_Manuais_e_Cursos\Manuais\Publicação - 2º Simpósio de Licitações e Contratos da Justiça Federal - Enunciados aprovados.md
2026-10-03T13:50:54,OK,C:\Users\thiagonogueira\OneDrive - mppi.mp.br\CLC\01_Processos_e_Aquisicoes\Base de Conhecimento - Thiago\05_Doutrina_e_Biblioteca\Biblioteca_Manuais_e_Cursos\Ementario CGU - Ementario Jurisprudencial e Consultivo de Aquisicoes Publicas 2026.md,C:\Users\thiagonogueira\OneDrive - mppi.mp.br\CLC\01_Processos_e_Aquisicoes\Base de Conhecimento - Thiago\05_Doutrina_e_Biblioteca\Biblioteca_Manuais_e_Cursos\Manuais\Publicação - cgu_ementarioaquisicoes_a4_2026.md
2026-10-03T13:50:54,OK,C:\Users\thiagonogueira\OneDrive - mppi.mp.br\CLC\01_Processos_e_Aquisicoes\Base de Conhecimento - Thiago\05_Doutrina_e_Biblioteca\Biblioteca_Manuais_e_Cursos\Guia Pratico UFJF - Elaboracao de Estudo Tecnico Preliminar - ETP.md,C:\Users\thiagonogueira\OneDrive - mppi.mp.br\CLC\01_Processos_e_Aquisicoes\Base de Conhecimento - Thiago\05_Doutrina_e_Biblioteca\Biblioteca_Manuais_e_Cursos\Manuais\Publicação - ETP - UFJF.md
2026-10-03T13:50:54,OK,C:\Users\thiagonogueira\OneDrive - mppi.mp.br\CLC\01_Processos_e_Aquisicoes\Base de Conhecimento - Thiago\05_Doutrina_e_Biblioteca\Biblioteca_Manuais_e_Cursos\Referencial de Riscos e Controles em Licitacoes e Contratos - TCE-SC.md,C:\Users\thiagonogueira\OneDrive - mppi.mp.br\CLC\01_Processos_e_Aquisicoes\Base de Conhecimento - Thiago\05_Doutrina_e_Biblioteca\Biblioteca_Manuais_e_Cursos\Manuais\Referencial_Licitacoes_Contratos_TCESC.md
2026-10-03T13:50:54,OK,C:\Users\thiagonogueira\OneDrive - mppi.mp.br\CLC\01_Processos_e_Aquisicoes\Base de Conhecimento - Thiago\05_Doutrina_e_Biblioteca\Biblioteca_Manuais_e_Cursos\Relatorio de Avaliacao CGU - Impacto do Orcamento Sigiloso e dos Modos de Disputa.md,C:\Users\thiagonogueira\OneDrive - mppi.mp.br\CLC\01_Processos_e_Aquisicoes\Base de Conhecimento - Thiago\05_Doutrina_e_Biblioteca\Biblioteca_Manuais_e_Cursos\Manuais\Relatório - CGU – Relatório de Avaliação- impacto do uso do orçamento sigiloso e dos modos de disputa.md
2026-10-03T13:50:54,OK,C:\Users\thiagonogueira\OneDrive - mppi.mp.br\CLC\01_Processos_e_Aquisicoes\Base de Conhecimento - Thiago\05_Doutrina_e_Biblioteca\Biblioteca_Manuais_e_Cursos\Monografia Tecnica - ETP - O Dilema entre Necessidade e Solucao nas Contratacoes Publicas.md,C:\Users\thiagonogueira\OneDrive - mppi.mp.br\CLC\01_Processos_e_Aquisicoes\Base de Conhecimento - Thiago\05_Doutrina_e_Biblioteca\Biblioteca_Manuais_e_Cursos\Manuais\TCC - ETP - O Dilema entre Necessidade e Solução.md
2026-10-03T13:50:54,OK,C:\Users\thiagonogueira\OneDrive - mppi.mp.br\CLC\01_Processos_e_Aquisicoes\Base de Conhecimento - Thiago\05_Doutrina_e_Biblioteca\Biblioteca_Manuais_e_Cursos\Estudo Tecnico TCE-RS - Conclusoes da Comissao da Nova Lei de Licitacoes para Fiscalizacao.md,C:\Users\thiagonogueira\OneDrive - mppi.mp.br\CLC\01_Processos_e_Aquisicoes\Base de Conhecimento - Thiago\05_Doutrina_e_Biblioteca\Biblioteca_Manuais_e_Cursos\Manuais\TCE-RS – Conclusões Técnicas da Comissão de Estudos da Nova Lei de Licitações e Contratos para a Fiscalização.md
2026-10-03T13:50:54,OK,C:\Users\thiagonogueira\OneDrive - mppi.mp.br\CLC\01_Processos_e_Aquisicoes\Base de Conhecimento - Thiago\05_Doutrina_e_Biblioteca\Biblioteca_Manuais_e_Cursos\Nota Tecnica TCE-SC 19.2026 - Controle de Precos e Fracionamento em Contratacoes Diretas.md,C:\Users\thiagonogueira\OneDrive - mppi.mp.br\CLC\01_Processos_e_Aquisicoes\Base de Conhecimento - Thiago\05_Doutrina_e_Biblioteca\Biblioteca_Manuais_e_Cursos\Manuais\TCE-SC - NOTA TÉCNICA Nº TC-19-2026.md
2026-10-03T13:50:54,OK,C:\Users\thiagonogueira\OneDrive - mppi.mp.br\CLC\01_Processos_e_Aquisicoes\Base de Conhecimento - Thiago\05_Doutrina_e_Biblioteca\Biblioteca_Manuais_e_Cursos\Manual TCE-SC - Perguntas e Respostas sobre Licitacoes e Contratos Administrativos.md,C:\Users\thiagonogueira\OneDrive - mppi.mp.br\CLC\01_Processos_e_Aquisicoes\Base de Conhecimento - Thiago\05_Doutrina_e_Biblioteca\Biblioteca_Manuais_e_Cursos\Manuais\TCE-SC – Perguntas e respostas- licitações e contratos (edição 1 - 2025).md
2026-10-03T13:50:54,OK,C:\Users\thiagonogueira\OneDrive - mppi.mp.br\CLC\01_Processos_e_Aquisicoes\Base de Conhecimento - Thiago\05_Doutrina_e_Biblioteca\Biblioteca_Manuais_e_Cursos\Edital TCU 001.2024 - Licitacao Especial para Contratacao de Solucao Inovadora.md,C:\Users\thiagonogueira\OneDrive - mppi.mp.br\CLC\01_Processos_e_Aquisicoes\Base de Conhecimento - Thiago\05_Doutrina_e_Biblioteca\Biblioteca_Manuais_e_Cursos\Manuais\TCU - Edital 001.2024 - Licitação Especial para Contratação de Solução Inovadora.md
2026-10-03T13:50:54,OK,C:\Users\thiagonogueira\OneDrive - mppi.mp.br\CLC\01_Processos_e_Aquisicoes\Base de Conhecimento - Thiago\05_Doutrina_e_Biblioteca\Biblioteca_Manuais_e_Cursos\Relatorio IPEA-Mazzucato - Desenhando Compras Publicas e Infraestrutura no Brasil.md,"C:\Users\thiagonogueira\OneDrive - mppi.mp.br\CLC\01_Processos_e_Aquisicoes\Base de Conhecimento - Thiago\05_Doutrina_e_Biblioteca\Biblioteca_Manuais_e_Cursos\Manuais\Transformação do Estado no Brasil- desenhando compras públicas, empresas estatais e infraestrutura públic (1).md"
2026-10-03T13:50:54,OK,C:\Users\thiagonogueira\OneDrive - mppi.mp.br\CLC\01_Processos_e_Aquisicoes\Base de Conhecimento - Thiago\05_Doutrina_e_Biblioteca\Biblioteca_Manuais_e_Cursos\Tutorial Operacional - Alteracao de Documento Habil no Sistema Contratos.gov.br.md,C:\Users\thiagonogueira\OneDrive - mppi.mp.br\CLC\01_Processos_e_Aquisicoes\Base de Conhecimento - Thiago\05_Doutrina_e_Biblioteca\Biblioteca_Manuais_e_Cursos\Manuais\tutorial_dez.25_AlteraodeDocumentoHbilnoSistemaContratosGov.br.md
2026-10-03T13:50:54,OK,C:\Users\thiagonogueira\OneDrive - mppi.mp.br\CLC\01_Processos_e_Aquisicoes\Base de Conhecimento - Thiago\05_Doutrina_e_Biblioteca\Biblioteca_Manuais_e_Cursos\Orientacao Zenite - Dispensa de Divulgacao de Aviso nas Dispensas por Valor.md,C:\Users\thiagonogueira\OneDrive - mppi.mp.br\CLC\01_Processos_e_Aquisicoes\Base de Conhecimento - Thiago\05_Doutrina_e_Biblioteca\Biblioteca_Manuais_e_Cursos\Manuais\Zênite - É possível que a Administração dispense a divulgação do aviso noscasos de dispensa em razão do valor.md
2026-10-03T13:50:54,OK,C:\Users\thiagonogueira\OneDrive - mppi.mp.br\CLC\01_Processos_e_Aquisicoes\Base de Conhecimento - Thiago\05_Doutrina_e_Biblioteca\Biblioteca_Manuais_e_Cursos\Cartilha Zenite Facil - Dispensa Eletronica na Pratica.md,C:\Users\thiagonogueira\OneDrive - mppi.mp.br\CLC\01_Processos_e_Aquisicoes\Base de Conhecimento - Thiago\05_Doutrina_e_Biblioteca\Biblioteca_Manuais_e_Cursos\Manuais\Zênite Fácil - Dispensa Eletrônica.md
2026-10-03T13:50:54,OK,C:\Users\thiagonogueira\OneDrive - mppi.mp.br\CLC\01_Processos_e_Aquisicoes\Base de Conhecimento - Thiago\05_Doutrina_e_Biblioteca\Biblioteca_Manuais_e_Cursos\Cartilha Zenite Facil - Prorrogacao de Vigencia da ARP e Renovacao de Quantitativos.md,C:\Users\thiagonogueira\OneDrive - mppi.mp.br\CLC\01_Processos_e_Aquisicoes\Base de Conhecimento - Thiago\05_Doutrina_e_Biblioteca\Biblioteca_Manuais_e_Cursos\Manuais\Zênite Fácil - NOVA LEI DE LICITAÇÕES - PRORROGAÇÃO DE VIGÊNCIA DA ATA DE REGISTRO DE PREÇOS E A RENOVAÇÃO DO.md
2026-10-03T13:50:54,OK,C:\Users\thiagonogueira\OneDrive - mppi.mp.br\CLC\01_Processos_e_Aquisicoes\Base de Conhecimento - Thiago\05_Doutrina_e_Biblioteca\Biblioteca_Manuais_e_Cursos\Cartilha Zenite Facil - ETP Riscos e TR para Carona em Ata de Registro de Precos.md,C:\Users\thiagonogueira\OneDrive - mppi.mp.br\CLC\01_Processos_e_Aquisicoes\Base de Conhecimento - Thiago\05_Doutrina_e_Biblioteca\Biblioteca_Manuais_e_Cursos\Manuais\Zênite Fácil.md
2026-10-03T13:50:54,OK,C:\Users\thiagonogueira\OneDrive - mppi.mp.br\CLC\01_Processos_e_Aquisicoes\Base de Conhecimento - Thiago\05_Doutrina_e_Biblioteca\Biblioteca_Manuais_e_Cursos\Manual Tecnico - APIs de Consulta ao Portal Nacional de Contratacoes Publicas - PNCP.md,C:\Users\thiagonogueira\OneDrive - mppi.mp.br\CLC\01_Processos_e_Aquisicoes\Base de Conhecimento - Thiago\06_Paineis_e_Contratos_Historicos\Manual_das_APIs_Manual_das_APIs .md
