status,tipo,origem,destino,md5
OK,md,C:\Users\thiagonogueira\OneDrive - mppi.mp.br\CLC\01_Processos_e_Aquisicoes\Base de Conhecimento - Thiago\00_Indice_por_Fase_da_Contratacao.md,C:\Users\thiagonogueira\Dev\base-conhecimento-licitacoes\00_Indice_por_Fase_da_Contratacao.md,037beacfc20fc58a8e8cb88cf19fbc4b
SUBSTITUIDO,md,gerar_indice_por_fase.py --aplicar --substituir (backup 20261005_145142),C:\Users\thiagonogueira\OneDrive - mppi.mp.br\CLC\01_Processos_e_Aquisicoes\Base de Conhecimento - Thiago\00_Indice_por_Fase_da_Contratacao.md,8f3ee7e0ed69c6f822c4d7bb532696ec
SUBSTITUIDO,md,gerar_indice_por_fase.py --aplicar --substituir (backup 20261005_145142),C:\Users\thiagonogueira\Dev\base-conhecimento-licitacoes\00_Indice_por_Fase_da_Contratacao.md,8f3ee7e0ed69c6f822c4d7bb532696ec
SUBSTITUIDO,md,gerar_indice_por_fase.py --aplicar --substituir (backup 20261005_153251),C:\Users\thiagonogueira\OneDrive - mppi.mp.br\CLC\01_Processos_e_Aquisicoes\Base de Conhecimento - Thiago\00_Indice_por_Fase_da_Contratacao.md,477d7ec54bd266357d50c64cf2847649
SUBSTITUIDO,md,gerar_indice_por_fase.py --aplicar --substituir (backup 20261005_153251),C:\Users\thiagonogueira\Dev\base-conhecimento-licitacoes\00_Indice_por_Fase_da_Contratacao.md,477d7ec54bd266357d50c64cf2847649
SUBSTITUIDO,md,gerar_indice_por_fase.py --aplicar --substituir (backup 20261005_154044),C:\Users\thiagonogueira\OneDrive - mppi.mp.br\CLC\01_Processos_e_Aquisicoes\Base de Conhecimento - Thiago\00_Indice_por_Fase_da_Contratacao.md,9e48d7344fa5f86c63b48a84e166b1ff
SUBSTITUIDO,md,gerar_indice_por_fase.py --aplicar --substituir (backup 20261005_154044),C:\Users\thiagonogueira\Dev\base-conhecimento-licitacoes\00_Indice_por_Fase_da_Contratacao.md,9e48d7344fa5f86c63b48a84e166b1ff
SUBSTITUIDO,md,gerar_indice_por_fase.py --aplicar --substituir (backup 20261005_161440),C:\Users\thiagonogueira\OneDrive - mppi.mp.br\CLC\01_Processos_e_Aquisicoes\Base de Conhecimento - Thiago\00_Indice_por_Fase_da_Contratacao.md,7613b5e929e59244780287d952dcdaa4
SUBSTITUIDO,md,gerar_indice_por_fase.py --aplicar --substituir (backup 20261005_161440),C:\Users\thiagonogueira\Dev\base-conhecimento-licitacoes\00_Indice_por_Fase_da_Contratacao.md,7613b5e929e59244780287d952dcdaa4
SUBSTITUIDO,md,gerar_indice_por_fase.py --aplicar --substituir (backup 20261006_073339),C:\Users\thiagonogueira\OneDrive - mppi.mp.br\CLC\01_Processos_e_Aquisicoes\Base de Conhecimento - Thiago\00_Indice_por_Fase_da_Contratacao.md,7e3687b4663a8e7e1dced9454961a03a
SUBSTITUIDO,md,gerar_indice_por_fase.py --aplicar --substituir (backup 20261006_073339),C:\Users\thiagonogueira\Dev\base-conhecimento-licitacoes\00_Indice_por_Fase_da_Contratacao.md,7e3687b4663a8e7e1dced9454961a03a
SUBSTITUIDO,md,gerar_indice_por_fase.py --aplicar --substituir (backup 20261006_075832),C:\Users\thiagonogueira\OneDrive - mppi.mp.br\CLC\01_Processos_e_Aquisicoes\Base de Conhecimento - Thiago\00_Indice_por_Fase_da_Contratacao.md,1e05ee039480ab39cd26d5c7cbf7f885
SUBSTITUIDO,md,gerar_indice_por_fase.py --aplicar --substituir (backup 20261006_075832),C:\Users\thiagonogueira\Dev\base-conhecimento-licitacoes\00_Indice_por_Fase_da_Contratacao.md,1e05ee039480ab39cd26d5c7cbf7f885
SUBSTITUIDO,md,gerar_indice_por_fase.py --aplicar --substituir (backup 20261006_080501),C:\Users\thiagonogueira\OneDrive - mppi.mp.br\CLC\01_Processos_e_Aquisicoes\Base de Conhecimento - Thiago\00_Indice_por_Fase_da_Contratacao.md,b45f44dcb18f9607b8d9b4498182ddb7
SUBSTITUIDO,md,gerar_indice_por_fase.py --aplicar --substituir (backup 20261006_080501),C:\Users\thiagonogueira\Dev\base-conhecimento-licitacoes\00_Indice_por_Fase_da_Contratacao.md,b45f44dcb18f9607b8d9b4498182ddb7
SUBSTITUIDO,md,gerar_indice_por_fase.py --aplicar --substituir (backup 20261006_080536),C:\Users\thiagonogueira\OneDrive - mppi.mp.br\CLC\01_Processos_e_Aquisicoes\Base de Conhecimento - Thiago\00_Indice_por_Fase_da_Contratacao.md,e57cb838aace19c60805550f221bc321
SUBSTITUIDO,md,gerar_indice_por_fase.py --aplicar --substituir (backup 20261006_080536),C:\Users\thiagonogueira\Dev\base-conhecimento-licitacoes\00_Indice_por_Fase_da_Contratacao.md,e57cb838aace19c60805550f221bc321
SUBSTITUIDO,md,gerar_indice_por_fase.py --aplicar --substituir (backup 20261006_082136),C:\Users\thiagonogueira\OneDrive - mppi.mp.br\CLC\01_Processos_e_Aquisicoes\Base de Conhecimento - Thiago\00_Indice_por_Fase_da_Contratacao.md,4d8d5c2e0f428e95d1bf6a5f28849210
SUBSTITUIDO,md,gerar_indice_por_fase.py --aplicar --substituir (backup 20261006_082136),C:\Users\thiagonogueira\Dev\base-conhecimento-licitacoes\00_Indice_por_Fase_da_Contratacao.md,4d8d5c2e0f428e95d1bf6a5f28849210
SUBSTITUIDO,md,gerar_indice_por_fase.py --aplicar --substituir (backup 20261006_085419),C:\Users\thiagonogueira\OneDrive - mppi.mp.br\CLC\01_Processos_e_Aquisicoes\Base de Conhecimento - Thiago\00_Indice_por_Fase_da_Contratacao.md,0e2cbef2c8821be32341f312f1ce84c3
SUBSTITUIDO,md,gerar_indice_por_fase.py --aplicar --substituir (backup 20261006_085419),C:\Users\thiagonogueira\Dev\base-conhecimento-licitacoes\00_Indice_por_Fase_da_Contratacao.md,0e2cbef2c8821be32341f312f1ce84c3
