grupo,origem,destino
A1,C:\Users\thiagonogueira\Downloads\resolucao-n-41-2023-alteradapela-resolucao-02-26-dispoesobre-a-elaboracao-de-estudos-tecnicos-preliminares-etp-e-de-termos-de-referencia-tr.pdf,C:\Users\thiagonogueira\OneDrive - mppi.mp.br\CLC\01_Processos_e_Aquisicoes\Base de Conhecimento - Thiago\01_Normativos_Vigentes\05_TCE_PI\Resolucoes\Resolução TCE-PI 041.2023 - ETP e TR (compilada com Res 02.2026).pdf
A2,C:\Users\thiagonogueira\Downloads\resolucao-n-02-2026-elaboracao-de-estudos-tecnicos-preliminares-etp-e-de-termos-de-referencia-tr.pdf,C:\Users\thiagonogueira\OneDrive - mppi.mp.br\CLC\01_Processos_e_Aquisicoes\Base de Conhecimento - Thiago\01_Normativos_Vigentes\05_TCE_PI\Resolucoes\Resolução TCE-PI 002.2026 - Altera Res 41.2023 (ETP e TR).pdf
A3,C:\Users\thiagonogueira\Downloads\controlador.php.pdf,C:\Users\thiagonogueira\OneDrive - mppi.mp.br\CLC\01_Processos_e_Aquisicoes\Base de Conhecimento - Thiago\01_Normativos_Vigentes\05_TCE_PI\Acordaos_Pareceres_Orientacoes\Acordao TCE-PI 394-A.2026 - Pleno - Consulta MPPI - Prorrogacao e Renovacao de Quantitativos de ARP.pdf
A4,C:\Users\thiagonogueira\Downloads\supersapiens.agu.gov.br_apps_validacao-assinatura_1832378363.pdf,C:\Users\thiagonogueira\OneDrive - mppi.mp.br\CLC\01_Processos_e_Aquisicoes\Base de Conhecimento - Thiago\01_Normativos_Vigentes\01_Federal\Acordaos_Pareceres_Orientacoes\Federal - Parecer Referencial 00003.2025 CONJUR-EB-CGU-AGU - Inexigibilidade para Cursos e Pos-Graduacao.pdf
A5,C:\Users\thiagonogueira\Downloads\resolucao-n-08-2026-resolucao_integridade_tce_pi.pdf,C:\Users\thiagonogueira\OneDrive - mppi.mp.br\CLC\01_Processos_e_Aquisicoes\Base de Conhecimento - Thiago\01_Normativos_Vigentes\05_TCE_PI\Resolucoes\Resolução TCE-PI 008.2026 - Sistema de Integridade do TCE-PI.pdf
A6,C:\Users\thiagonogueira\Downloads\Arquivos_Referencia_CLC_Convertidos_MD\Proposta Ampliação Suprimento de Fundos\L4320.pdf,C:\Users\thiagonogueira\OneDrive - mppi.mp.br\CLC\01_Processos_e_Aquisicoes\Base de Conhecimento - Thiago\01_Normativos_Vigentes\01_Federal\Leis\Federal - Lei 4320.1964 - Normas Gerais de Direito Financeiro.pdf
A7,C:\Users\thiagonogueira\Downloads\Arquivos_Referencia_CLC_Convertidos_MD\Proposta Ampliação Suprimento de Fundos\Lcp101.pdf,C:\Users\thiagonogueira\OneDrive - mppi.mp.br\CLC\01_Processos_e_Aquisicoes\Base de Conhecimento - Thiago\01_Normativos_Vigentes\01_Federal\Leis\Federal - Lei Complementar 101.2000 - Lei de Responsabilidade Fiscal.pdf
A8,C:\Users\thiagonogueira\Downloads\Arquivos_Referencia_CLC_Convertidos_MD\Proposta Ampliação Suprimento de Fundos\ATO-PGJ-823-2018-com-alteracoes-1.pdf,C:\Users\thiagonogueira\OneDrive - mppi.mp.br\CLC\01_Processos_e_Aquisicoes\Base de Conhecimento - Thiago\01_Normativos_Vigentes\03_MPPI\Atos\Ato PGJ 0823.2018 - Atribuicoes do Diretor de Sede (com alteracoes).pdf
A9,C:\Users\thiagonogueira\Downloads\Arquivos_Referencia_CLC_Convertidos_MD\Guia Lici\2026\Boletim_informativo_01_2026-1.pdf,C:\Users\thiagonogueira\OneDrive - mppi.mp.br\CLC\01_Processos_e_Aquisicoes\Base de Conhecimento - Thiago\02_Jurisprudencia_e_Orientacoes\Informativos_Guia_Lici\2026\Boletim_informativo_01_2026-1.pdf
A9,C:\Users\thiagonogueira\Downloads\Arquivos_Referencia_CLC_Convertidos_MD\Guia Lici\2026\Boletim-informativo-02-2026.pdf,C:\Users\thiagonogueira\OneDrive - mppi.mp.br\CLC\01_Processos_e_Aquisicoes\Base de Conhecimento - Thiago\02_Jurisprudencia_e_Orientacoes\Informativos_Guia_Lici\2026\Boletim-informativo-02-2026.pdf
A9,C:\Users\thiagonogueira\Downloads\Arquivos_Referencia_CLC_Convertidos_MD\Guia Lici\2026\Boletim-Informativo-03-2026-1.pdf,C:\Users\thiagonogueira\OneDrive - mppi.mp.br\CLC\01_Processos_e_Aquisicoes\Base de Conhecimento - Thiago\02_Jurisprudencia_e_Orientacoes\Informativos_Guia_Lici\2026\Boletim-Informativo-03-2026-1.pdf
A9,C:\Users\thiagonogueira\Downloads\Arquivos_Referencia_CLC_Convertidos_MD\Guia Lici\2026\Boletim-informativo-04-2026-1.pdf,C:\Users\thiagonogueira\OneDrive - mppi.mp.br\CLC\01_Processos_e_Aquisicoes\Base de Conhecimento - Thiago\02_Jurisprudencia_e_Orientacoes\Informativos_Guia_Lici\2026\Boletim-informativo-04-2026-1.pdf
A9,C:\Users\thiagonogueira\Downloads\Arquivos_Referencia_CLC_Convertidos_MD\Guia Lici\2026\Boletim-informativo-05-2026-1.pdf,C:\Users\thiagonogueira\OneDrive - mppi.mp.br\CLC\01_Processos_e_Aquisicoes\Base de Conhecimento - Thiago\02_Jurisprudencia_e_Orientacoes\Informativos_Guia_Lici\2026\Boletim-informativo-05-2026-1.pdf
A9,C:\Users\thiagonogueira\Downloads\Arquivos_Referencia_CLC_Convertidos_MD\Guia Lici\2026\Boletim_informativo_06_2026.pdf,C:\Users\thiagonogueira\OneDrive - mppi.mp.br\CLC\01_Processos_e_Aquisicoes\Base de Conhecimento - Thiago\02_Jurisprudencia_e_Orientacoes\Informativos_Guia_Lici\2026\Boletim_informativo_06_2026.pdf
A9,C:\Users\thiagonogueira\Downloads\Arquivos_Referencia_CLC_Convertidos_MD\Guia Lici\2026\Boletim-informativo-07-2026-1.pdf,C:\Users\thiagonogueira\OneDrive - mppi.mp.br\CLC\01_Processos_e_Aquisicoes\Base de Conhecimento - Thiago\02_Jurisprudencia_e_Orientacoes\Informativos_Guia_Lici\2026\Boletim-informativo-07-2026-1.pdf
A9,C:\Users\thiagonogueira\Downloads\Arquivos_Referencia_CLC_Convertidos_MD\Guia Lici\2026\Boletim-informativo-082026.pdf,C:\Users\thiagonogueira\OneDrive - mppi.mp.br\CLC\01_Processos_e_Aquisicoes\Base de Conhecimento - Thiago\02_Jurisprudencia_e_Orientacoes\Informativos_Guia_Lici\2026\Boletim-informativo-082026.pdf
A9,C:\Users\thiagonogueira\Downloads\Arquivos_Referencia_CLC_Convertidos_MD\Guia Lici\2026\Boletim-informativo-092026.pdf,C:\Users\thiagonogueira\OneDrive - mppi.mp.br\CLC\01_Processos_e_Aquisicoes\Base de Conhecimento - Thiago\02_Jurisprudencia_e_Orientacoes\Informativos_Guia_Lici\2026\Boletim-informativo-092026.pdf
A9,C:\Users\thiagonogueira\Downloads\Arquivos_Referencia_CLC_Convertidos_MD\Guia Lici\2026\Boletim-informativo-10-2026.pdf,C:\Users\thiagonogueira\OneDrive - mppi.mp.br\CLC\01_Processos_e_Aquisicoes\Base de Conhecimento - Thiago\02_Jurisprudencia_e_Orientacoes\Informativos_Guia_Lici\2026\Boletim-informativo-10-2026.pdf
A9,C:\Users\thiagonogueira\Downloads\Arquivos_Referencia_CLC_Convertidos_MD\Guia Lici\2026\Boletim-Informativo-112026.pdf,C:\Users\thiagonogueira\OneDrive - mppi.mp.br\CLC\01_Processos_e_Aquisicoes\Base de Conhecimento - Thiago\02_Jurisprudencia_e_Orientacoes\Informativos_Guia_Lici\2026\Boletim-Informativo-112026.pdf
A9,C:\Users\thiagonogueira\Downloads\Arquivos_Referencia_CLC_Convertidos_MD\Guia Lici\2026\Boletim-informativo-12-2026.pdf,C:\Users\thiagonogueira\OneDrive - mppi.mp.br\CLC\01_Processos_e_Aquisicoes\Base de Conhecimento - Thiago\02_Jurisprudencia_e_Orientacoes\Informativos_Guia_Lici\2026\Boletim-informativo-12-2026.pdf
A9,C:\Users\thiagonogueira\Downloads\Arquivos_Referencia_CLC_Convertidos_MD\Guia Lici\2026\Boletim-informativo-13_2026.pdf,C:\Users\thiagonogueira\OneDrive - mppi.mp.br\CLC\01_Processos_e_Aquisicoes\Base de Conhecimento - Thiago\02_Jurisprudencia_e_Orientacoes\Informativos_Guia_Lici\2026\Boletim-informativo-13_2026.pdf
