grupo,origem,destino,observacao
B1,C:\Users\thiagonogueira\Downloads\Arquivos_Referencia_CLC_Convertidos_MD\TAPP Dispensa\Nota_Tecnica_Revisao_TAPP-D.docx,C:\Users\thiagonogueira\OneDrive - mppi.mp.br\CLC\01_Processos_e_Aquisicoes\Base de Conhecimento - Thiago\03_Modelos_e_Minutas\Modelos_MPPI_CLC\TAPP-D - Nota Tecnica de Revisao da Minuta (02.09.2026).docx,versao 13:43 (2.401 palavras); a da raiz do Downloads e anterior e esta contida nela
B2,C:\Users\thiagonogueira\Downloads\Arquivos_Referencia_CLC_Convertidos_MD\TAPP Dispensa\Diagnostico Matriz Notas TAPP Dispensa.pdf,C:\Users\thiagonogueira\OneDrive - mppi.mp.br\CLC\01_Processos_e_Aquisicoes\Base de Conhecimento - Thiago\03_Modelos_e_Minutas\Modelos_MPPI_CLC\TAPP-D - Diagnostico e Matriz de Notas (02.09.2026).pdf,
B3,C:\Users\thiagonogueira\Downloads\Arquivos_Referencia_CLC_Convertidos_MD\Revisão de POP's\POP - CONTRATAÇÃO POR DISPENSA DE LICITAÇÃO - Revisão Thiago.docx,"C:\Users\thiagonogueira\OneDrive - mppi.mp.br\CLC\01_Processos_e_Aquisicoes\Base de Conhecimento - Thiago\01_Normativos_Vigentes\04_CNMP\POP's Contratação Direta\POP - Contratacao por Dispensa de Licitacao (POP-CLC-02, rev. 05.02.2025).docx",nome no padrao dos POPs ja existentes
B3,C:\Users\thiagonogueira\Downloads\Arquivos_Referencia_CLC_Convertidos_MD\Revisão de POP's\Contratação por Ata de registro de preços próprio - Revisão Thiago.pdf,"C:\Users\thiagonogueira\OneDrive - mppi.mp.br\CLC\01_Processos_e_Aquisicoes\Base de Conhecimento - Thiago\01_Normativos_Vigentes\04_CNMP\POP's Contratação Direta\POP - Contratacao por ARP Propria (POP-CLC-05, rev. 05.02.2025).pdf",nome no padrao dos POPs ja existentes
B4,C:\Users\thiagonogueira\Downloads\Arquivos_Referencia_CLC_Convertidos_MD\POP - Contratação por inexigibilidade- locação de imóveis (1).docx,C:\Users\thiagonogueira\OneDrive - mppi.mp.br\CLC\01_Processos_e_Aquisicoes\Base de Conhecimento - Thiago\01_Normativos_Vigentes\04_CNMP\POP's Contratação Direta\POP - Inexigibilidade - Locacao de Imoveis (POP-CLC-08).docx,nome no padrao dos POPs ja existentes
B5,C:\Users\thiagonogueira\Downloads\Arquivos_Referencia_CLC_Convertidos_MD\Roteiros - Checkbox\Roteiro - Dispensa sem Disputa.docx,C:\Users\thiagonogueira\OneDrive - mppi.mp.br\CLC\01_Processos_e_Aquisicoes\Base de Conhecimento - Thiago\03_Modelos_e_Minutas\Modelos_MPPI_CLC\Roteiros_CLC\Roteiro - Dispensa sem Disputa.docx,pasta nova
B5,C:\Users\thiagonogueira\Downloads\Arquivos_Referencia_CLC_Convertidos_MD\Roteiros - Checkbox\Roteiro - Inexigibilidade.docx,C:\Users\thiagonogueira\OneDrive - mppi.mp.br\CLC\01_Processos_e_Aquisicoes\Base de Conhecimento - Thiago\03_Modelos_e_Minutas\Modelos_MPPI_CLC\Roteiros_CLC\Roteiro - Inexigibilidade.docx,pasta nova
B5,C:\Users\thiagonogueira\Downloads\Arquivos_Referencia_CLC_Convertidos_MD\Roteiros - Checkbox\Roteiro Checkbox - Contratação ARP.docx,C:\Users\thiagonogueira\OneDrive - mppi.mp.br\CLC\01_Processos_e_Aquisicoes\Base de Conhecimento - Thiago\03_Modelos_e_Minutas\Modelos_MPPI_CLC\Roteiros_CLC\Roteiro - Contratacao por ARP.docx,pasta nova
B5,C:\Users\thiagonogueira\Downloads\Arquivos_Referencia_CLC_Convertidos_MD\Roteiros - Checkbox\Roteiro Checkbox - Dispensa Eletrônica.docx,C:\Users\thiagonogueira\OneDrive - mppi.mp.br\CLC\01_Processos_e_Aquisicoes\Base de Conhecimento - Thiago\03_Modelos_e_Minutas\Modelos_MPPI_CLC\Roteiros_CLC\Roteiro - Dispensa Eletronica.docx,pasta nova
B5,C:\Users\thiagonogueira\Downloads\Arquivos_Referencia_CLC_Convertidos_MD\Roteiros - Checkbox\Roteiro Dispensa.docx,C:\Users\thiagonogueira\OneDrive - mppi.mp.br\CLC\01_Processos_e_Aquisicoes\Base de Conhecimento - Thiago\03_Modelos_e_Minutas\Modelos_MPPI_CLC\Roteiros_CLC\Roteiro - Dispensa (lista de documentos 2024).docx,pasta nova
B5,C:\Users\thiagonogueira\Downloads\Arquivos_Referencia_CLC_Convertidos_MD\Roteiros - Checkbox\Roteiro Liberação ATA.docx,C:\Users\thiagonogueira\OneDrive - mppi.mp.br\CLC\01_Processos_e_Aquisicoes\Base de Conhecimento - Thiago\03_Modelos_e_Minutas\Modelos_MPPI_CLC\Roteiros_CLC\Roteiro - Liberacao de ARP para Adesao.docx,pasta nova
B5,C:\Users\thiagonogueira\Downloads\Arquivos_Referencia_CLC_Convertidos_MD\Roteiros - Checkbox\Roteiro para adesão ARP.docx,C:\Users\thiagonogueira\OneDrive - mppi.mp.br\CLC\01_Processos_e_Aquisicoes\Base de Conhecimento - Thiago\03_Modelos_e_Minutas\Modelos_MPPI_CLC\Roteiros_CLC\Roteiro - Adesao a ARP no Compras.gov.docx,"pasta nova; 2 imagens, pouco texto"
B6,C:\Users\thiagonogueira\Downloads\Arquivos_Referencia_CLC_Convertidos_MD\Glossário de mensagens  - Sessão Pregões.docx,C:\Users\thiagonogueira\OneDrive - mppi.mp.br\CLC\01_Processos_e_Aquisicoes\Base de Conhecimento - Thiago\03_Modelos_e_Minutas\Modelos_MPPI_CLC\Glossario de Mensagens - Sessao Publica de Pregao.docx,
B7,C:\Users\thiagonogueira\Downloads\Arquivos_Referencia_CLC_Convertidos_MD\Roteiros - Publicações\Publicação de Contrato - Site MPPI.docx,C:\Users\thiagonogueira\OneDrive - mppi.mp.br\CLC\01_Processos_e_Aquisicoes\Base de Conhecimento - Thiago\03_Modelos_e_Minutas\Modelos_MPPI_CLC\Roteiros_CLC\Roteiro - Publicacao de Contrato no Site do MPPI.docx,pasta nova; 4 imagens
B8,C:\Users\thiagonogueira\Downloads\Arquivos_Referencia_CLC_Convertidos_MD\Banco de Prompts\Prompt Revisor para Análise do TR.docx,C:\Users\thiagonogueira\OneDrive - mppi.mp.br\CLC\01_Processos_e_Aquisicoes\Base de Conhecimento - Thiago\00_Ferramentas_e_Scripts_Analise\Banco_de_Prompts\Prompt Revisor - TR.docx,pasta nova
B8,C:\Users\thiagonogueira\Downloads\Arquivos_Referencia_CLC_Convertidos_MD\Banco de Prompts\Prompt Revisor - Análise TR - Quesitos Por Artigo.docx,C:\Users\thiagonogueira\OneDrive - mppi.mp.br\CLC\01_Processos_e_Aquisicoes\Base de Conhecimento - Thiago\00_Ferramentas_e_Scripts_Analise\Banco_de_Prompts\Prompt Revisor - TR - Quesitos por Artigo.docx,pasta nova
B8,C:\Users\thiagonogueira\Downloads\Arquivos_Referencia_CLC_Convertidos_MD\Banco de Prompts\Prompt Revisor para Análise do ETP.docx,C:\Users\thiagonogueira\OneDrive - mppi.mp.br\CLC\01_Processos_e_Aquisicoes\Base de Conhecimento - Thiago\00_Ferramentas_e_Scripts_Analise\Banco_de_Prompts\Prompt Revisor - ETP.docx,pasta nova
B8,C:\Users\thiagonogueira\Downloads\Arquivos_Referencia_CLC_Convertidos_MD\Banco de Prompts\Prompt Revisor para Análise do DFD.docx,C:\Users\thiagonogueira\OneDrive - mppi.mp.br\CLC\01_Processos_e_Aquisicoes\Base de Conhecimento - Thiago\00_Ferramentas_e_Scripts_Analise\Banco_de_Prompts\Prompt Revisor - DFD.docx,pasta nova
B8,C:\Users\thiagonogueira\Downloads\Arquivos_Referencia_CLC_Convertidos_MD\Banco de Prompts\Prompts contratação direta.docx,C:\Users\thiagonogueira\OneDrive - mppi.mp.br\CLC\01_Processos_e_Aquisicoes\Base de Conhecimento - Thiago\00_Ferramentas_e_Scripts_Analise\Banco_de_Prompts\Prompts - Contratacao Direta (art. 72).docx,pasta nova
B8,C:\Users\thiagonogueira\Downloads\Arquivos_Referencia_CLC_Convertidos_MD\Banco de Prompts\Prompts - Notebook LM.docx,C:\Users\thiagonogueira\OneDrive - mppi.mp.br\CLC\01_Processos_e_Aquisicoes\Base de Conhecimento - Thiago\00_Ferramentas_e_Scripts_Analise\Banco_de_Prompts\Prompts - Notebook LM.docx,"pasta nova; contem o nome completo do usuario: no .md o nome vira [nome do servidor] (opcao c, aprovada em 05/10/2026)"
B8,C:\Users\thiagonogueira\Downloads\Arquivos_Referencia_CLC_Convertidos_MD\Banco de Prompts\Apresentação e Descrição do Cenário.docx,C:\Users\thiagonogueira\OneDrive - mppi.mp.br\CLC\01_Processos_e_Aquisicoes\Base de Conhecimento - Thiago\00_Ferramentas_e_Scripts_Analise\Banco_de_Prompts\Prompts - Apresentacao e Descricao do Cenario.docx,pasta nova
B8,C:\Users\thiagonogueira\Downloads\Arquivos_Referencia_CLC_Convertidos_MD\Banco de Prompts\Temporário.docx,C:\Users\thiagonogueira\OneDrive - mppi.mp.br\CLC\01_Processos_e_Aquisicoes\Base de Conhecimento - Thiago\00_Ferramentas_e_Scripts_Analise\Banco_de_Prompts\Checklist Detalhado do TR (rascunho).docx,pasta nova; era Temporario.docx
B10,"C:\Users\thiagonogueira\Downloads\Arquivos_Referencia_CLC_Convertidos_MD\Base Legal CLC - Atualizada Maio.2026\03_Modelos_e_Minutas\Modelos_MPPE\TAPP DIMPLANC 004_2025-0 (AMCS) - Contratação de empresa gráfica para impressão de materiais de comunicação, educativos e informativos para diversas áreas do MPPEa e manute.docx",C:\Users\thiagonogueira\OneDrive - mppi.mp.br\CLC\01_Processos_e_Aquisicoes\Base de Conhecimento - Thiago\03_Modelos_e_Minutas\Modelos_MPPE\TAPP DIMPLANC 004_2025-0 (AMCS) - Empresa Grafica - MPPE.docx,copia original (2025-05-06); a de Formularios Modelo - Pernambuco tem texto identico
B10,"C:\Users\thiagonogueira\Downloads\Arquivos_Referencia_CLC_Convertidos_MD\Base Legal CLC - Atualizada Maio.2026\03_Modelos_e_Minutas\Modelos_MPPE\TAPP DIMPLANC 004_2025-1 (AMCS) - Contratação de empresa gráfica para impressão de materiais de comunicação, educativos e informativos para diversas áreas do MPPEa e manute.docx",C:\Users\thiagonogueira\OneDrive - mppi.mp.br\CLC\01_Processos_e_Aquisicoes\Base de Conhecimento - Thiago\03_Modelos_e_Minutas\Modelos_MPPE\TAPP DIMPLANC 004_2025-1 (AMCS) - Empresa Grafica - MPPE.docx,idem
